nickname,talk
kaki****,3표 다 송중기꺼♥
우청,막판에 엎어놓으니 다시 보기 싫어진다  최고 드리마를  스스로  망친작가
이지윤,백상예술대상 송중기 꼭투표해주세요 😭❤️
kaki****,메이킹 고프다...
Ladybug,아 빈센조 다시 보고 싶다ㅏㅏㅏ 시즌 2 갑시다
혀니허니,시즌2 만들라는 님들아  작가가 열혈사제2도 못만들고 있다오
hyel****,메이킹ㅠㅠㅠㅠㅠㅠ센차커플 행복만 해!!
깜찍발랄,비가오니 울적하다. 우리 장준우가 너무 보고싶다.
깜찍발랄,우리 장준우도 차영이 좋아했는데 불쌍해. ㅜㅜ
anu,메이킹은 오늘 올라 오나요?
yer,아 진짜 시즌2 만들어달라고 진짜로ㅠㅠㅠㅠㅠ
쁘니,다시 2월20일로 돌아가고싶다
금가동,이달 배우님이 다음 작품 캐스팅 되어서 첫 촬영 갔더니 한 배우분이 '중기가 네 얘기 많이 하더라 착하고 연기도 잘하니까 잘 챙겨달라'라고 말 했다던데 진짜 송중기 배우님 너무 사람이 좋네요ㅜ 사람들 간의 관계를 계속 잘 유지해나가는 거 너무 부럽고 멋있네요ㅜ
Ithuifg,시즌2 안된다면 영화화 합시다
금가동,이달배우분이 10년 활동하는 동안 이렇게 긴 역할을 한적이 없었다는데 진짜 박재범 작가님은 조연 배우들의 캐릭터를 너무 잘 살려주셔서 진짜 좋네요ㅜ
쁘니,메이킹 존버
chun****,메이킹 빨리 빨리 올려주세요 ~~~ 기다리기 힘들어요
징징이,메이킹 도대체 언제나와요ㅠ
쩡이,빈센조 다시볼수록 더 재밌음
hyel****,마지막 메이킹과 미공개 메이킹3탄 같이 주길ㅠㅠㅠ🥺🥺🤎
Flower,송중기배우 나온 모든작품 섭렵중~참나! 보면볼수록 왜케 멋있고 난리신지~ㅜ.ㅜ출구가 없넹ᆢ 에효~
stel****,다시한번   몰아보기 해서 봤는데 역시 작가님 능력 짱이십니다^^^매회 따로볼때와는 달리 계속 보니까 작가님의 큰 그림이 볼수있어서 대~~박그보다 송배우님이 더 더더욱 살리셨지만요^^^^^
삥삥,벼노솨녜엠~~~쉬즨2뉜여어~~해야하뉜거어~~아쉬줘~?
이름없음,메이킹 언제 나옴 ㅋㅋㅋㅋㅋ
glor****,진짜 변호사녬.....사무장녬 포함 다들 보고싶네요^^
삥삥,벼노솨녜엠~~쉬즨2 하줘어~?
sysy****,시즌2 나오기를 ㅠ ㅠ
애비뉴,영화같은 드라마 빈센조 또 보고싶다 시즌2 갑시다
삥삥,솔직히 막화는 존박ost기 다함
최선영,우리 한서...
삥삥,이와중에 난 아드레날린만 쳐듣고 있다...
힘내자,마지막에  다 망쳐놨네ㅜ.여자부축해서 나가야했냐 옥택연부터 처단해야지 어휴
애비뉴,시즌2갑시다
삥삥,와 ㅈ니짜 요즘은 ost만 들으면서 ost나왔던 장면 회상하면서 산다...
찐빈바 유리,
최선영,예전엔 점심때쯤 많이 나왔는데
최선영,아...
찐빈바 유리,꿈꾸는사람님 메이킹은 오후 3시~4시 사이에 나와요!
찐빈바 유리,
꿈꾸는사람,아니.   드라마 다 끝났다고 메이킹 안 주고 이러기야?   TVN 즐거움이 없어지려고 한다.  메이킹 내놔라
최선영,2  나오면 좋겠어요
찐빈바 유리,
최선영,그렇네요~
이름없음,아니 티벤 메이킹 내놓으라고
삥삥,차영이랑 센조는 지푸라기 섬에서 이야기를 만들어 간다든가 하면 되죠
찐빈바 유리,작가님 빈센조 시즌2 가시죠!
젬썽,하~~~졸롸~마지막 까지 통쾌~시원~줠롸 재밌다!!!!!!!!!!!!
최선영,근데 시즌 2 나와도 내용이..
최선영,!?
kiking920,위에
곰돌이인형가게,공식홈이 어디있나요?
까미까미,홍차영 화장품 광고 찍자
kiking920,위에 공식홈들가면 됩니다
칸타타,메이킹 언능주세용
까미까미,
jaison,빈센조랑 관련없지만.. 귀여움에 웃고 가세요❤️ https://youtu.be/FTr8q5EqXbo 요거트 먹방
최선영,열현사제는 22년에 시즌2 한다는더..
까미까미,
곰돌이인형가게,송중기님 인터뷰 어디서 볼수있나요??
최선영,메이킹 언제 올라와요오오
kiking920,시즌2기다리다 목빠지겠네요 그냥 중기님 차기작소식 빨리 주세요
조선정,옥태연은 죽었잖아요 까마귀 장면!~까마귀는 죽은시체만 먹잖아요
에스더choi,해바라기님 말씀이 실제화 되었으면 ㅠㅠ
에스더choi,아니 ㅠㅠ 어케 끝 이렇게 마무리를 맺냐고요.. ㅠㅠㅠ 기대도 못 하게 하는 것 처럼.. 괜히 기대했다가 안 나올까봐.. 증말 과몰입 미치겠네요ㅠㅠㅠ
위닝,몰아보기중인데진짜 잼나네~~
에스더choi,근데 열혈사제는 마지막에 다시 돌아온다고 나와있넜는데 빈센조는 그냥 완전 끝 이렇게 끝나서.. 하 아냐ㅠㅠㅠ 나올거야 시즌2 제발 ㅠㅠ 마지막 엔딩이 시즌2 없다고 시청자들한테 못 박는듯한 느낌이여서.. 존버하면 나오겠죠.. ㅠㅠ
삥삥,송중기 배우님이랑 전여빈 배우님은 지금 이걸 보시면 얼마나 뿌듯하실까요?ㅠㅠ 자신들을 보고 싶어 한다는건 정말 대단한 거니까..
삥삥,센차 봐야하는데ㅠㅠ
욤,지금 정주행 중ㅠㅠㅠㅠㅠㅠㅠ너무ㅜ재밋소…
에스더choi,그렇겠죠..? ㅠㅠㅠ 시청자들이 이렇게 시즌2를 원하는데.. ㅠㅠ 몇년이 걸리더라도 꼭 나왔으면 좋겠네요..
뽀사시,해바라기님 말에 공감요🙏🙏
이름없음,메이킹 주라고
ito,시즌2!! 시즌2!!
심심한사람,"마지막화만 아니었으면,,,,,,,,,,, 한서는 장례식도 못 치뤘네요,,,,,,, 답답합니다"
ito,제발ㅜㅜ 시즌2ㅜㅜ
냠냠,시즌 2 가즈아 !!!!!!
BOM83,저도 하루 다섯번 투표예약♡♡요즘 빈센조 OST듣는 낙으로 십니다
jud,메이킹 왜 안 나오죠?????
에스더choi,ㅠㅠ 제발 시즌 2 나왔으면 좋겠네요ㅠㅠ 저는 중기배우님 인터뷰 내용도 그렇고.. 시즌2 너무 기대했는데 와장창 무너져서 ㅠㅠㅠㅠ
BOM83,"곽동연배우님의 재발견,옥배우님도 첫악역 좋았어요.한승혁지검장님도 너무 재미졌어요.안군도 너무 귀여우시고ㅋㅋ여운이 너무 깁니다."
삥삥,주말에 빈센조 보는 낙으로 살았는데ㅠㅠ요즘 살아가는게 힘들더군요.....빈센종와 홍차영의 티키타카 보면서 주말을 보냈는데 끝나서 요즘 정말 우울하다구요....시즌2ㅠㅠㅠ
yspn****,하루에 세번 투표가능매일할수있네요
삥삥,우리 시즌2까지는 해요 감독님..........펜하처럼 시즌3 까지도 좋아요
BOM83,"다들연기 너무 잘하셨어요.초반욕먹던 김여진 배우님도 정말. 욕먹을정도로 연기 잘하신거예요.조사장님도 너무 멋졌고 금가프라자 세입자분들 너무 감사했어요.보는 내내 행복했어요.송중기,전여빈,사무장님,인자기,바이바이벌룬 식구들 모두 감사했어요"
에스더choi,원래 재범작가님은 마지막에 끝낼때 다음을 기약하는? 그럼 문구를 넣으시던데.. 빈센조는 나레이션도 넣고 완전 끝 이렇게 끝나서.. ㅠㅠㅠ 시즌 2 하면 좋겠는데ㅠㅠㅠㅠ
삥삥,감독님!!!!!!!독자들이 기다립니다.....시즌2 할거죠...?아니 시즌2를 넘어 시즌3까지 갑시다....
삥삥,송중기님 백상예술대상 타시고 시즌2 갑시다!!!!!
에스더choi,빈센조 2 나올 가능성은 없겠죠?
짱돌,송중기배우가  타리라  장담함다~♡♡♡♡♡
짱돌,저  처음듣는 배운데 ㄱㅅ
삥삥,김선호님 너무 압도적 1등......송중기가 해야하는데ㅠㅠ
qown****,"나오는분들 배우분들, 주연배우 두분같이 시즌2 해주세요~~"
까미까미,언능 1위 해야되는데 그분이 좀 압도적이라 놀라긴 하네요
까미까미,빈체로님 저두요 그렇게 투표해요 그분 인기가 그렇게 많앗나 싶긴해요~~
깜찍발랄,기사는 무시해야겠음
깜찍발랄,우리 중기씨는 이야기 잘했습니다.
깜찍발랄,큰일이다. 중뽕들을 어떻게 처리해야하나. 돈안받으면 그만인데. 꼭 돈에 넘어들가니.
별달해,1인 3회 아니가요? 3번찍으니 투표 완료라고~
깜찍발랄,우리끼리 농담도 잘못했다고 얘기도 못하나? 왜 사사건건 중국애들 배설하는 이야기를 가지고와서 기분 더럽게 만드는지. 간첩이 많긴많네.
별달해,저 처음듣는데~왜 그러죠? 여베우 1위가 서ㅇㅈ배우여서 전 ㅊㅇ 본방한지라~응원했어요.제 툽3회는 중기님께 했지만요.
삥삥,빈센조 시즌2....하면 좋겠네요ㅠㅠ
vincero,깜찍발라님 생각이고 전 절왕 본적 없습니다.이만 바빠서
시현,메이킹 왜 없냐구요!!!!
깜찍발랄,솔직히 여기일부분들이랑 철왕톡러들이랑 사이안좋은데 인기투표때문에 친절한척은 쫌. 그렇네요.
vincero,그니깐 별달해님 전 남자배우는 중기오빠 여자배우는 혜선언니 찍었습니다.ㅋㅅㅇㅈ 학폭에 깜놀
별달해,빈체로님도요.💜💕
이름없음,메이킹 내놔라
vincero,오후 시간 홧팅하세요^^❣
별달해,저 빈센조인데요.여자배우 응원해봤어요~
별달해,진짜 어이없어요~코로나때문에 힘든데.짜장짬뽕들이 왈가왈부할이 아니죠!🤔😲
vincero,머래요? 깜찍발라님
깜찍발랄,철왕톡러들이 여기왜? 같이투표하자고? 헐
vincero,ㅉㄱ는 결려야....
vincero,저도 깜놀했어요ㅋㅋ 그래서 혜선언니 찍었습니다.
깜찍발랄,clean boat cleaned it
vincero,송중기오빠🤞혜선언니🤞 투표 꼭!!!합시다❣
솔희,동반수상이라구요??중기님만 누르고 투표가 된줄 알았는데요
별달해,"백상 인기상 남,여 동반 수상이면~~서씨보다는 혜선님을 밀어요.철인왕후님 분발합시다.👏"
솔희,상을 받는게 반드시 인기의 척도는 아니겠지만 중기님 인기만큼 투표수는 안되는듯..조금 속상하네요 저라도 열심히 할께요
sol,19~20화 메이킹 뽤리뽤리 나왔으면 좋겠네용!유튜브에 넷플렉스랑 하는 빈센조(?)올라와 있습니다^^참고하세요~
별달해,안주면 폭파라💥 꼭 주실거예요.😅
별달해,메이킹 기다립니다.🤗
됴됴한됴됴,19-20 메이킹은 안나오나요?
별달해,와 ㄱㅅㅎ베우 화력 대단하네요.🤔😅
별달해,백상툽 2일차👌
완희,시즌2 빨리 찍어주세요. 이번주부터 주말에 뭘하라고 벌써 끝내나요? 넷플릭스로 1회부터 16회까지 5번 17회18 세번 19회2번 20회 2번 봤어요. 마음이 공허합니다. 빈센조로 채우고 싶어요. 직장에서도 빈센조 기사만 보고 빈센조 16회 엔딩 음악만 듣고 있어요.
glor****,이번 메이킹은 좀 길게 해주셧으면...아니면 매일매일 메이킹분 올려주셨으면....
바다나무,메이킹 주시오~~~~~
jaison,빈센조랑 관련없지만.. 귀여움에 웃고 가세요❤️ https://youtu.be/FTr8q5EqXbo 요거트 먹방
최선영,보통 이때쯤 온라오는데
최선영,메이킹 메이킹
이름없음,메이킹 몇시에 나오죠
스미레뮤,조두순도  회장처럼 저렇게 죽였음 좋겠음이건 형사들이 조두순을  경호하는건지 시민을 지키는건지..진짜 조두순 형사들 아니었음 누가 담궈도 담겄을듯
kiking920,링크공유해서 5표씩 공략하기
gogosing,작가님 엄청 똑똑하시네 주인공 성격을 꿰뚫고 있는듯 가족도 못지키고 동료애도 없고 여자도 이용해먹고 마지막에 최종빌런 이라곤 만만한 아줌마 하나 마지막에 돈만 챙기는 빈센조 캐릭터 대단하다
피닉스,이렇게 수준 떨어지는 스토리의 드라마 시즌2 타령하는 애들은 도대체 뭔지.. 송중기를 그렇게 좋아하면 이런 드라마 나왔으면 좋겠냐? 그래도 회당 출연료 2억은 받을텐데 작품성 높은 작품 하길 바래야하는거 아님?
kaki****,아 글고 메이킹 좀 부탁
kaki****,지금 1위 김선호 2위 송중기인데...  여러분 송중기 표 많이 날려주세요~~ 수상소감 들어봅시다!!
금가동,타배우분은 여기서 언급하지 맙시당.. 괜히 또 싸움 생기면 그렇잖아요..👀
gidtnraaaa,송중기~~~백상  대상 받았으면 좋겠다. 인기상 까지 받으면 더좋은데 김선호 1박2일 화력이 대단한듯~ 인기있을려면 예능을 해야해 ㅎ~~
금가동,"메이킹, 미방영분 많이 풀어달라..!🔫"
HB,나중에 넷플로 다시 정주행 ㅎ ㅎ
금가동,시청자들 따돌리지 말구ㅜ 센차 19회 20회 사이 데이트 한 썰 풀어달라 센조 얼굴 상처로 데이트라는 걸 직감 가능하게 연출을 하십니까 천재들ㅜ 진짜ㅜ 미쳐효~~ 태↗️ 호~↗️ㅠㅜ😭🔫😭🔫😭🔫
glor****,저도 어제부터 다시 정주행 하고있어요...ㅎㅎㅎ다시 보면서 행복감을 느끼려구요
까미까미,배경음악도 섹시해~~아놔 중기랑 딱이야
까미까미,다시 정주행 중~~2회 보는중
짱돌,농락당했네요~ㅋ ㅋ
dlcosl,어그로 아닌가요?
dlcosl,오피셜 아닌거 같아요
찐빈바 콘실이,맛점들하세여
짱돌,에~이~~팩트인줄  알고  손발  다 후들거렀네ㅜㅜ
벚꽃엔딩,에이  농락당했네
짱돌,아~보긴봤네요~ㅋㅋ
벚꽃엔딩,히이스토리들가봐야겠네
하늘애나,"아무래도 시즌2 원하는 저희와 같은 분이 기사처럼 편집하신 것 같은데요,,"
하나,저건 시청자가 장난으로 쓴거 아닌가요
하늘애나,라구생뉴스 김맘마 기자..ㅋㅋ...
짱돌,확실히 본거  맞나요~?!!저도  제눈  의심해서리요~누구좀  알아봐 주세요
벚꽃엔딩,아닌가요
하늘애나,저거 진짜 맞나요??
짱돌,제가  요즘  어질어질 해서  잘못 봤나벼요ㅜㅜ 죄송요
벚꽃엔딩,다음 단독이네요
벚꽃엔딩,ㄱㅅㄱㅅ 넘좋아요
yh28****,기사확인하세요~~🥰🥰🥰🥰🥰
짱돌,아닌가요~?!!제가  빈센조에  홀려서  뭐든  빈센조 2로  보이나~~ㅜㅜ
qwe,기사 안나오는데요 시즌2??
mock****,유투브 검색창에 십오야채널을 쳐보세요 1편 /2편 있어요
yh28****,http://cafe.daum.net/Duckgu/D6g5/512?q=%EC%86%A1%EC%A4%91%EA%B8%B0&re=1
mock****,지금 보고왔는데 넘 반가움
qwe,안나오는데요??
mock****,유투브 십오야채널에 출연진들 거의 다 나와요
짱돌,다음에요
벚꽃엔딩,어디에??
glor****,그러게 빈센조팀 예능나왔으면좋겠는데...아형이라던지 런닝맨...뭐 등등..ㅎㅎ
qwe,어디요??
glor****,짱돌님 진짜요?어디기사에 나와있나요?
하나,대박 진짜요?시즌2?
벚꽃엔딩,정말로~~우와
짱돌,빈바님들  시즌2나온다고  기사떴어요~!!!!
짱돌,시즌2한다고  기사떴는데  우째된 상황임~~?!!  어리둥절~~~~~!!!!!
nune****,"19,20화 메이킹 올려두떼요~~!!"
8층조두순딸년,너는 지금까지 저지른 너의 죄값 반드시 갚아야할거야 세상에 공짜는 없다  원인없는 결과도 없고 니가 저지르는 죄의 값들은 쌓이고 쌓여  니가 다 갚아야할거야 ㅎ
8층조두순딸년,니딸년이 지금은 감추고  표현을 못해도 이가갈리게 니얼굴에 침뱉고싶게 널 증오하게될거야. 정상적인 사고가 조금이라도 남아있다면
8층조두순딸년,clean boat cleaned it
미니45,스폐셜방송이나 예능프로에안나올까여? 송중기 전여빈 옥택연 봤으면좋겠어여~~
이혜미,2편 했으면 좋겠어요ㅠㅠ
스미레뮤,지금 20회 못본거 넷플보고 있는뎅동생회장을 죽이면 우짜 ㅜㅜ 귀염동이 였은뎅 우띠
클라스녀,목빠지겠음
클라스녀,메이킹안올라오나용
8층조두순딸년,clean boat cleaned it
Min,빈센조 시즌2는 시기미정?
Min,빈센조 시즌2 하게되면 배우들 똑같이 나왔으면 좋겠습니다.다른배우들도 좋습니다.
sj21****,시즌2  부탁해요~^^
Min,"빈센조 시즌2 몇년도, 몇월, 몇일에 나오나요"
Min,빈센조 시즌2 언제나오나요
Min,빈센조 시즌2 할 때 ost 빨리 나왔으면 좋겠고 많이 나왔으면 좋겠습니다.
ryu,시즌2 나온다고 하던가요? 저도 정말 기다리고 있는 데 했으면 좋겠네요
Min,빈센조 시즌2 하게되면 30부작 해주세요
ryu,아무쪼록 다들 수고 하셨습니다
Min,빈센조 시즌2 언제나오나요
Min,빈센조 20부작인데도 불구하고 사고 없이 잘 끝내서 감사합니다.
ryu,메이킹은 다음주에 올라오지 않을까요. 매일 다음주 간격으로 올라온걸로 알고 있어요ㅜ
아로미,메이킹 언제주나요....
Min,"빈센조 감독,분장,배우, 작가, 조명, 스태프, 카메라 등 수고 많으셨습니다."
ryu,시즌 2 합시다 ㅠㅠㅠㅠ 정말 기다리고 있어요한다고는 안했지만 ㅠㅠ
벚꽃엔딩,시체거름으로 처리했으니 신분세탁필요없을것 같아요.물증이 없으니..
쁘니,5월7일 저녁8시
tisp****,7일날 팬미팅 댓글로다가 백상 홍보좀 해야겠네요
벚꽃엔딩,팬미팅이니 직접하시지 않겠어요
삥삥,하이스토리 5월 7일에 송중기 라이브 돼있는데 실제로 송중기님이 라이브 하시는 건가요??
tisp****,"2021 Baeksang Arts Awards Popularity Award 🏆 This year's Baeksang Arts Awards Popularity Award Who is the protagonist?🕺💃 If you share the TikTok voting page with a friend, you will receive 2 additional votes! https://vt.tiktok.com/ZSJDRTmAa/"
벚꽃엔딩,tisp님 유튜브에 가서 하이스토리검색하면 송중기팬미팅창 있어요. 거기에 댓글 달면됩니다
아리따운나비,시즌2~  신분세탁해서 한국옵시다ㅜ
쁘니,그러게요 빨리 메이킹 풀어주시지ㅜㅜㅜ
gkdi****,메이킹 안올라오나요?ㅠㅠ
쁘니,앞으로가 걱정이군요..빈센조없는 날을 어찌보낼지 ㅜㅜ
꼬르륵aa,넷플 몰아보기로...달래는중입니다...아직도 빠져나오지못하고있어요 ㅠㅠㅠ
삥삥,"근데 전 첫회 볼 때가 2월달이라는게 두 믿기지 않네요...2,3,4,월은 함께 보낸거잖아요?!"
삥삥,그러게요ㅋㅋㅋㅋ
쁘니,두달밖에 안됐다니 믿기지않아요 ㅋㅋ 일년은 빠져산거같은데
삥삥,만약 시즌2 하면 스토리가 어떻게 될까요??빈센조는 현재 무인도?에서 살고 있고 수교 기념일에만 수교 사절단에 몰래 섞여 오는데
tisp****,좋은여자분 만나세요. 예쁘고 어리고 착하고 인성 바른분으로다가^^^^
쁘니,두달넘는 시간동안 빈센조에 푹 빠져살았죠..
tisp****,송중기배우님 이 톡방 들어오시면 얼마나 뿌듯하실까용~~아웅^^^^
삥삥,맞아요ㅠㅠ 첫 방송이 2월 20일이라는게 느껴지지 않죠ㅠㅠ
조빛,시간 지나가는 것도 모르고 본 빈센조 ㅜㅜ
삥삥,송중기님은 시간이 지날수록 점점 더 잘생겨지는 느낌....
쁘니,전여빈님도 나오시지 ㅜㅜ 왜없죠.. 아쉬워요
삥삥,빈센조 1회 한 게 2월 20일이라니...시간 참 빨리 갔네요ㅠㅠ
박은서,자꾸 투표 실패떠요ㅠㅠㅠ
tisp****,인스타를 안해서 잘 모르는데요. 홈피 주소 바로 누르면 연결되게 하는거 어케 하는거예요?인스타 댓글 달라고요 외국인한테 ㅋㅋㅋ
꼬르륵aa,빈센조 배우분들 연기력이 다 후덜덜이라...좋은거 다 타가셨으면 좋겠네요...
지랭이,소중기~남자가 곱상하니 이쁘네  끝났다니 아쉽다!
삥삥,새로고침 할때마다 느네
삥삥,오우 벌써 또 늘었네
삥삥,아까보단 많이 격차 줄긴 했는데ㅠㅠ아직 멀었네요ㅠㅠ
삥삥,김선호님 투표 현황 - 154.28K          송중기님 투표 현황 - 101.61K
꼬르륵aa,전여빈님도 능청스럽게 맛갈나게 잘하셨는데ㅜㅜ넘넘 아쉽네요 ㅜㅜ
tisp****,시상하러 오지 않겠습니까 턱시도 입고~아유 이뻐랑^^
kaki****,아 한 발 늦었다..
tisp****,https://vt.tiktok.com/ZSJDRTmAa/ 백상 링크
tisp****,https://vt.tiktok.com/ZSJDRTmAa/이 주소좀 빈센조 유트브나 외국팬들한테 뿌려주세용~~
kaki****,여빈님찾다가 안보여서..ㅜ
박은서,백상예술대상 링크좀 보내주세요 ㅠㅠ 툽하고싶은데 못찾뎄어요
삥삥,글게요 백상예술대상 여자 부문에 전여빈님 안계시던ㄷㅔ
꼬르륵aa,전여빈님은 안오시나요
kaki****,와 친구 아이디 빌려서 송중기3표 다쓰고 왔다
tisp****,틱톡 공유하면 표 2개 더 생겨요~~할사람 없으면  카톡 나에게 공유해도 표 생깁니다!!!!꼭
삥삥,인스타 하시는 분들 백상예술대상 송중기님 퉆해달라고 한번만 댓 써주심 안되나요ㅠㅠ 전 인스타를 안해서...ㅠㅠ
Ithuifg,송중기 85년생 37살임1살 올리지 마세욬ㅋㅋㅋ
삥삥,메이킹 볼때마다 느끼는 건데 빈센조는 촬영현장 분위기 좋은 드라마로 유명한 이유를 알겠음...NG 나도 감독과 배우 모두 웃고 감정이 시청자들한테 더 잘 전달되도록 노력하는 모습도 보이고..
tisp****,백상 외국인 팬분들 투표하면 대박인데요..ㅠㅠ 인스타그램에 댓글수 막 85000개예요..이런분들이 투표만 해주면 1위인데..홍보좀 부탁드립니다.ㅠㅠ
레베럽,빈센조 메이킹 맨날 기다리는데ㅠㅠ 빨리 보고싶당 마지막에 다 모여있어가지구 메이킹 빵빵했음 좋겠네 30분짜리여도 볼수있는데
최선영,메이킹 점심쯤 올라올걸요ㅠㅜ
삥삥,메이킹 유튜브에 올라오는데요
jud,메이킹 언제 나오나요ㅠㅠ
나현정,빈센조 메이킹 왜 안올라오나요 ㅠ
삥삥,송중기님은 저 얼굴이 어떻게 38살인지도 모르겠고 나라면 매일 거울보다가 나랑 사랑에 빠짐
삥삥,와 진짜 송중기님은 38살이라는게 안믿김. 유튜브에 이탈리아 여자분이 빈센조 발음 보고 말한거 나왔는데 그 영상에 23살정도로 보인다고 했늠
tisp****,외국인 팬분들 진짜 많던데 백상 홍보좀 다방면에 부탁드립니다!! ㅠㅠㅠㅠ
jud,메이킹은 안 보여주나요???
kkoopp,시즌2 기대합니다 !!꼭 !!
삥삥,빈센조 보다가 송중기님 이탈리아어 나무 멋져서.....이탈리아어 해보려고 책 알아보고 있스ㅂ니다...
bac,Song Jong Ki talk about VINCENZO Season 2 😍#빈센조https://youtu.be/zGyEJBXSSiw
삥삥,센차커플....연애하다가 결혼해서 결혼생활하는거도 봐야죠 감독님
시나,송중기~~~~보고싶따
삥삥,"송중기님 미모 직관하셨던 전여빈님 살아계신가요.....? 전 방송으로 볼 때도 ""와...존잘이다 진짜..저게 사람이냐..."" 이러면서 봤었는데.."
dlwl****,백상예술 투표 공유하면 총6번 투표할 수 있는거 맞죠??
삥삥,그립습니다 사무장님
삥삥,ㅋㅋㅋㅋㅋ변호사넴~~
someday,변호사녬~~~
삥삥,근데 펜하보다 빈센조가 사람이 더 많이 죽었네요ㅇㅅㅇ 몰랐네
kaki****,저두요..
삥삥,펜하도 끝났을 때 아쉽긴 했지...하지만 빈센조가 더 아쉬운 거 같아요ㅠㅠ빈손실 벌써왔다는 빈바..
kaki****,넵
삥삥,오우 카키님 저랑 동갑이시구나!ㅋㅋㅋㅋ 09년생이신가 봐여
삥삥,제가요....드라마 쳐돌ㅇ..안 처순이인데요 낭닥 이후로 끝난게 이렇게 아쉬운 드라마는 첨이에요..사불도 그렇게 많이 아쉽진 않았는데...
kaki****,삥삥님 저랑 동갑이시네요...ㅎ
gao,시즌2 존버 ㅠㅠ
삥삥,와...태양의 후예가 2016년도에 한 드라마였네요....그때 당시 8살이었는데 왜 본 기억이 있나 했는데.. 언니랑 나이차가 많이 나서 언니가 볼 때 옆에서 같이 봤었나 봐요ㅋㅋㅋ
이창희,전 벌써 백상투표하고있는디요. 모두들 투표하세요 공유도 하면 2번 기회가 더 생겨요. 얼릉얼릉 하십시요 7일 유투브 라이브방송 기달려집니다.
gao,시즌이 해주세요 ㅠㅠㅠ
tisp****,백상 하루에 3번 투표 가능합니다. 서예지는 왜 1위인지 면상 볼라그러나 ㅋㅋㅋㅋ철면피
kaki****,퍼가요
금가동,작가님.. 감독님.. 이제 알았어요.. 센조와 차영이가.. 데이트를 했다는 걸.. 센조 얼굴의 상처로 짐작이 가능한 연출.. 와 진짜 미쳤어.. 이 미친 연출 지금 알고 내가 미쳐간다..🔫
kaki****,내 투표오오오오ㅠㅠㅠㅠ
삥삥,시즌2 시청자들이 이렇게 기다려요......
kaki****,아아아아짜증나앙ㄱ·아아아
삥삥,방영종료.......가 이렇게 슬픈건지 깨닫게 되네요...
벚꽃엔딩,전 구글멜로 가입했어요
삥삥,악당은 사랑도 독하게 하니까......악당은 사랑도 독하게 하니까......악당은 사랑도 독하게 하니까......악당은 사랑도 독하게 하니까......악당은 사랑도 독하게 하니까......악당은 사랑도 독하게 하니까......악당은 사랑도 독하게 하니까......악당은 사랑도 독하게 하니까......악당은 사랑도 독하게 하니까......악당은 사랑도 독하게 하니까......악당은 사랑도 독하게 하니까......
벚꽃엔딩,기억은 안나는데 출생년도를 기입해보세요
kaki****,아짜증나ㅠㅜ왜 안돼ㅠㅠㅠ
하나,시즌2 시즌2 가자  아직도 센조 캐릭터 파괴된건 참아지지 않아 마피아가 총도 없이 가고 총가진 사람 앞에서 등보이고 가려하고 구할수 있는 상황에서도 아무것도 안하고 그부분만큼은 진짜 연출 디테일 빵점 물론 감독님 잘해오셨죠 알죠 작가님 감독님 시즌2 바보센조 만든거 시즌2로 돌려주세요 시즌2
벚꽃엔딩,주민증 생일입니다
삥삥,엄태구셔서
삥삥,오우...저희 체육쌤 이름이 엄테구셔서 보고 깜짝 놀랐네여...ㅋㅋㅋㅋ
kaki****,님들 생일 어떻게 했어요?
rlaw****,남 여 인기상은  여자는영~  ㅅ ㅎ ㅅ 힘내고!남자 인기상은 넘 차이가!  압도적!ㅠㅠ여러분  투표 투표!  실천 실천! 지발! ㅠㅠ
까꿍겅쥬,메이킹도 이제 끝인가요ㅠㅠ막회가벌써이틀이지났는데도 여운이 가시질않네요..우짜..금가즈랑 센차넘보고파요..재방송만보고또보고..
kaki****,난 왜안돼ㅠㅠ
삥삥,로그인 했는데 나이 안되서 강제로 비공계 된건데요
kaki****,방법이라도...
삥삥,전 비공계정을 제가 하고 싶어서 한 게 아니라
민쭈니,아휴 가입해버렸네요 ㅋㅋㅋ
안미선,회차가 초반보다 중반 후반으로 갈때 더 재미있어지는 드라마 캐릭터들이 다 살아있네요ㅎㅎ
kaki****,비공계정 어떻게 했어요?ㅜ
삥삥,전 카톡으로 했는데
삥삥,뭐 원래 백상예술대상 퉆 끝나면 지울거라ㅋㅋㅋ
kaki****,어떻게했어요?
삥삥,전 나이 안돼서 비공계정 됐어여..
벚꽃엔딩,카톡으로 가입하기 하세요
삥삥,시즌2.......갑시다 제발ㅠㅠ
kaki****,생일부터 막혀요ㅠ
삥삥,20회 메이킹도 곧 있으면 나오겠죠
벚꽃엔딩,투표해달라고
kwo,20회 메이킹이요
벚꽃엔딩,제가 영어로 올렸어요
삥삥,빈센조 메이킹은 유튜브에 있어요
kwo,빈센조 메이킹 언제 뜨나요?
sun,이거 어떻게 투표하나요??
삥삥,백상예술대상을 송중기님이 타시면 시즌2 할 확률도 좀 생기겠죠 아마?!
찐빈바 유리,송중기 배우님 최우수 가즈아ㅏㅏ
벚꽃엔딩,가족들한테 공유해서 여러번 들가면 되겠네요
삥삥,아마도 그럴 확률이 쫌 되지 않을까여...?
하나,투표는 했는데 백상넘들 틱톡으로 하네요 정보빼먹는다는 중국꺼 하필 틱톡이야 어쩔수없죠 투표 끝날때까지만 깔아두고 끝나며 지움
tisp****,송중기배우님 인스타에 외국인 팬 진짜 많던데 백상예술 투표해달라고 누가좀 써주세용 ㅠㅠ
삥삥,언니랑 나이차가 많이 나서...ㅋㅋㅋ..
sun,근데용... 투표 1등하면 빈센조 시즌2 하나요??
삥삥,호우.......전 13살이지만 언니찬스를 씁니다
kaki****,가입 어떻게 하죠..?
삥삥,감사요ㅗ감이래 수상소감
Flower,"급할땐, 신랑찬스가 최고. ㅎㅎㅎ.신랑에게도 공유했더니, 바로 송중기배우. 클릭. ㅎ❤"
삥삥,백상예술대상 송중기님이 받으실 수 있게 해서 감상소감도 보고!!!시즌2 갑시다!!!
kaki****,저 가입이 안돼요ㅠㅠ
벚꽃엔딩,백상들가면 설치창 나옵니다. 안되면 구글플레이에서 설치하세요
tisp****,상도 받고 인터뷰도 하고 얼굴 또 보지 않습니까~ㅎㅎㅎ최우수상 가즈아~~~
삥삥,저는 틱톡 금지였는데...이거 하려고 몰래 깔았습니다..
민쭈니,아 나 틱톡 거부인데 어쩔 ㅠㅠ
삥삥,차이가 거 넘 심한거 아입니까ㅠㅠ
벚꽃엔딩,나도 틱톡 안쓰는데 깔았어요
민쭈니,송중기는 대단 전여빈 발견 곽동연 와우 옥택연 괜춘 이었다
삥삥,흐어ㅠㅠ
삥삥,김선호 - 148.66K송중기 - 97.43K
연지의 사생활,하이고...근데 왜 하필 틱톡으로...그 논란많은 앱을 ㅠ
벚꽃엔딩,백상인기상투표하기 1.네이버검색창에서 백상영화제클릭 2. 백상홈피 오른쪽상단 전체메뉴클릭 '투표하기' 3.아래쭉 내려가면 틱톡투표클릭 4.틱톡 설치. 틱톡투표창 최하단에 공유클릭해 카톡등 공유해 들가면 하루 5번씩 투표가능
삥삥,김선호님이 1등 달리고 계시네여....ㅠㅠ송중기님이 2등 달리고 있으니 열심히 퉆해봅시다!!!
Flower,카톡. 공유해서 친구랑 공유도 해봤어요.^^~히히히.
벚꽃엔딩,백상에서 틱톡으로 연계되어있어요
연지의 사생활,투표 틱톡 말고는 안되나요ㅠㅠ
Flower,"투표할수있게 틱톡 설치뜨면, 클릭하고,ᆢ송중기배우에게 두개 클릭했어요.메인하고, 남자 인기상 같아요."
kaki****,감사합니당
벚꽃엔딩,틱톡 설치하시고 카톡등으로 공유하셔서 들어가면 하루 5표까지 투표할수 있어요
kaki****,근데 틱톡은 왜...
sun,근데 백상예술대상에서 송중기님이 1등 하시면 빈센조 시즌2 하나요??
Flower,네이버에 백상치면 딱 떠요.
kaki****,바로간다투표 딱기다려
산다는건,송중기 옥택연 곽동연 세남자 연기 비주얼 짱 이었어요 송중기는 빛나는 솜털피부 순둥이택연은 연기변신 대단했고 곽동연도 멋졌어
삥삥,https://www.baeksangawards.co.kr/vote백상예술대상 송중기님 퉆 부탁드려요!!틱톡 깔아야 가능합니당
HISTORY,저도 좀 알려줘요ㅜㅜ
kaki****,투표어떻버하죠..?ㅜ
짱돌,토토로님  감사해요~~저도 헤에나오지 못하는 센차커플이네요~ㅋ
kaki****,??어떻게 해요 그거???
산다는건,잘가다가 마지막회가 좀 아쉬웠다 드라마는 왜 끝에 실망시키는지 한서는 왜그렇게 죽이고 방치하냐고 거기서부터 개실망
Flower,오늘도 백상예술대상에 울 송중기배우님 투표하러 가요. ❤  전 투표완료. ㅎㅎㅎ.
kaki****,시즌2나와라..제발
삥삥,70부작정도로 가봅시ㄷ..
삥삥,왜 20부작 인가요ㅠㅠㅠㅠ
삥삥,빈바였던 저에게 종영이 다가왔을 땐 정말 세상 다 잃은 기분이었은데.....어제도 하루종일 빈센조 유튭으로 보고....오늘은 화장실에서도 보고 있네요...종영이 됐는데도 프로그램 홈 와서 댓 달고 있고...벌써 빈손실 온 거 같아요..
kaki****,무료요..
kaki****,판도라티비에 빈센조 다시보기 있어요..
dlwl****,오늘도 우리 빈변 3표 투표했습니다~~
꿈꾸는사람,빈센조 다시 보기 하려고. 넷플 계정 개설 해야하나?   비번 잃어버려서 넷플 안보는데 몇달씩 쌩돈 냈는데.  이번에도 빈센조땜에. 넷플릭스한테. 내 피같은 돈을 내야하나?
삥삥,빈센조.....이 드라마 그냥 일일드라마로 하자고 하고 싶지만....이런 고퀄에 럽라인 확실한 드라마가 일일은 될 수 없겠죠....매주 주말마다 저녁 9시 15분경을 기다리며 살았는데 이제 무슨 낙으로 살지ㅠㅠ
totoro,전여빈님 매력이 넘 많은 배우라는걸 이 작품을 통해서 알게되어 넘 행복합니다.최고의 베스트 커플입니다.♥♥♥ 송중기♥♥♥♥♥전여빈♥♥♥♥♥♥
totoro,공허함을 채우기위해 넷플과함께 1회부터 시작중입니다.얼마나 더 채워야 할지는 저도 모르겠지만.. 빈바님들도 무척이나 힘들거라 생각하네요..빈센조의 조간신문거리를 찾아보는게 일상이된 오늘도 센차커플의 호흡을 느꼈던만큼 당사자인 송중기님께서도 이런말씀을 하셨네요..아래와 같이
삥삥,https://www.baeksangawards.co.kr/vote백상예술대상 송중기 퉆해주세요!틱톡 깔아야 퉆 가능합니당
rlaw****,울송중기님! 백상의 행운이 있기을!!🍀 투표하려! 모두모두고고~~/~~ 싱!.....
ma,몇번 보지도 못했는데 벌써 끝났어요ㅠㅠㅠ제발 시즌2해주세요
삥삥,아니 그나저나 백상예술대상도 센조가 타야 하지만 시즌2는요...?할거죠 감독님...?
삥삥,흐어ㅠㅠ빈센조 백상예술대상 2등이라니ㅠㅠ1등 가자!!!
찐빈바 콘실이,반드시 댓가를 치르게 할겁니다 <<요즘 유행이에여
rlaw****,새 얼굴 발견 전여빈 님의 앞으로 승승장구 을바라 봅나다!!!...
rlaw****,코로나 댐시 시국이 우울하고 제안도 많고 그런현실을보내는데 드라마 빈센조 는 나에게는 힐링이고 비타민같은 존재 였슴다 그동안 행복했고 즐거워고 고맙슴다..
삥삥,오 마이.....센차...
히토미,한서랑 친해졌다고는해도 유가족 죽이는데도 다 한서가 일조했고 사실 자기행동 반성보다는 지살길 찾으려고 이쪽으로 붙었고 그중에 감명받아 회계한건데 내여자부터 챙기지 뭐 거기서 내팽개치고 한서 구하는것도 말안되지...뭔사랑놀음...누가보면  차영이 구하려고 한서 거기다 던진줄 알겠네
yeji****,빈센조 끝났는데... 네이버에 자꾸 검색해서 이런 톡을 남기고... ㅡㅡㅜㅜ 2화 해주시면 안되나요??????? 그길에 백상예술?? 알게 되서 투표하러 갑니다.
yeji****,그...  전당포 사장님도 칼 맞고 쓰러져 죽는 것 같은... 그 씬도... 전당포 사장님을 위한 씬... 아닐까... 생각했어요...
yeji****,그러게요... 저도 그 장면이 살짝 이해가 안갔는데... 장한서가 장렬하게 죽기 위한? 설정씬 같다는 생각이 들었어요.
ASTONISHING,아무리 착해졌다고 한들 친한 동생사이도 아니고 악마동생인데좋아하는 여자가 당연 먼저 눈에 들어오고 여자 안전을 최선으로 생각하겠지...남자들만 있는 상황하고는 틀리지
이름,ㅇ아니 도대체 빈센저는 왜 지 여자만 챙기냐고 한서는 배도 맞고 팔도 맞고도 싸우는데 썅 가서 도와줘야지 우리 한서 이렇게 보내니 ㄱㅐ빡치네 우리 짱ㅎㅏㄴ서 살려내
hyel****,센차커플 보고싶다ㅠㅠㅠ🤎
독스,ㅁㅊ 빈센조 연애놀음하다 한서 죽은 거였음? ㅈㄴ 어깨맞은 지 여자 챙긴다고 배빵맞은 애는..하 내 최애를 이리 보내다니 ㅈ같네 ㅋㅋㅋㅋㅋ
하음,https://www.baeksangawards.co.kr/vote여기서 송중기 한번씩 투표 부탁드려요
이지윤,💓 백상예술대회 송중기 투표해주세용 💓
벚꽃엔딩,송중기님 현재2위 매일 투표해주삼~~^^
kaim****,우리한서는좀살려주시지ㅜㅜ이제 혜리 장기용드라마ㄱㄱ빈센조 넘고마웠어요 유쾌통쾌상쾌!
벚꽃엔딩,백상인기상투표하기1.네이버검색창에서 백상영화제클릭2. 백상홈피 오른쪽상단 전체메뉴클릭 '투표하기'3.아래쭉  내려가면 틱톡투표클릭4.틱톡 설치. 틱톡투표창 오른쪽 사이드에 공유클릭해 카톡등 공유해 들가면  하루 5번씩 투표가능
루씰,빡머가린가 그순간에 밧줄을 풀고있네 ㅋㅋ
신바람그놈,결국돈이최고다 빈센조 금없었으면 19화에 이탈리아 넘어갔을거고 거기서 게임셋어찌저찌 전재산털어서 돈으로막고 돌아와서 19화초반 막았어도 최명희 장안석 죽이고 튄뒤에 섬못삼 까사노패밀리 멸망 한국못돌아옴 결론 돈이 최고란걸 강조한 드라마ㅇㅇ중국 삼합회가 짱임 ㅇㅇ마피아도 삼합회 금먹고 살음ㅇㅇ
하음,https://www.baeksangawards.co.kr/vote여기서 센조 툽 한번씩 해줍시다 ‘
rye,우리 매일 몇번씩 누릅시다
왕자,ㅇㅋ
해밀,네 틱톡깔아야 투표 가능합니다 ~
왕자,까시노 페밀리여
왕자,송중기 투표ㄱ ㄱ
왕자,이제 그 다음 뭐 봐야 돼ㅠㅠㅠ
rye,전 송중기님 투표 완료!
엔젤,백상 틱톡을 깔아야하나요?
해밀,여기 가면 백상 투표 설명 있어요~~ https://www.baeksangawards.co.kr/vote
ksdk****,송=>송년의 밤이 어느덧 중반을 지나가고         있습니다.중=>중간에 지루 하시더라도 자리를 비우시면          안됩니다. 자~ 기다리고 기다리던 우리가기=>기억해야 하는 배우 우리에게 감동을 주는         명품 배우 송중기 배우님을 모십니다.        모두 일어나 기립 박수 부탁드립니다.
이지윤,백상 투표 어떻게해여??
ksdk****,송=>송년의 밤이 어느덧 중반을 지나가고         있습니다.중=>중간에 지루 하시더라도 자리를 비우시면          안됩니다. 자~ 기다리고 기다리던 우리가기=>기억해야 하는 배우 우리에게 감동을 주는         명품 배우 송중기 배우님을 모십니다.        모두 일어나 기립 박수 부탁드립니다.
민트쇼콜라,한서 살짝만 다치게해주시죠 왜 ㅠㅠ
키미,한서 꼭 죽여야만 했냐아ㅏㅏㅏㅠㅠ...
fors****,우리 송배우님 백상 투표해요!!열심히 해서 주말 내내 행복을 줬으니 이정도는 해야죠 ㅎㅎ 틱톡 앱에서 투표할 수 있어요
라니언니,작가님 제발 시즌2 해주세요 제발요 ㅜㅜㅜ너무 좋은작품이기 때문이예요 ㅜㅜㅜㅜ시즌2 제발제발요 부탁드려요 ㅜㅜㅜ
삥삥,악당은 사랑도 독하게 하니까...악당은 사랑도 독하게 하니까...악당은 사랑도 독하게 하니까...악당은 사랑도 독하게 하니까...악당은 사랑도 독하게 하니까...악당은 사랑도 독하게 하니까...
삥삥,ㅠㅠㅠㅠㅠㅠ지푸라기 섬에서....갑시다..
낭만닥터김사부2,시즌2 제발요ㅠㅠㅠㅠ
낭만닥터김사부2,그럼 이탈리아에서 하면 돼잖아요ㅠㅠ
삥삥,시즌2 갑시다 제작진분들...!!!!!!아 근데 시즌2는 간다면 스토리가 상상이 안되네 수교기념일에만 송중기 올 수 있는데...?
삥삥,ㅠㅠ 그래도 16부작이 아니었어서 다행이네요...ㅠㅠ
낭만닥터김사부2,빈센조만큼 재밌던 드라마 없었던거같아요😭😭 이제 주말 어케 버텨요ㅠㅠ
삥삥,이제 주말을 무슨 낙으로 기다리냐구요..
삥삥,이제 센차를 볼 수 없다뇨ㅠㅠ시청자들의 반응을 봐서 시즌2 갈거죠 제작진분들...? 아니면 그냥 일일드라마처럼 70회정도까지는 합시다아....펜하처럼 시즌3도 갑시다!
낭만닥터김사부2,"빈센조 넘 재밌었는데ㅠㅠ.. 한서엔딩은 쫌 그랬어요.. 그래두 작가님, 감독님들하고 배우들분도 너무 고생하셨습니다!"
김미화,빈센조~  연기 진짜잘하고 멋있더라~ 조연배우들도 연기짱~ 캐릭터 짱~ ㅋㅋㅋ끝나니 너무아쉽습니당...ㅜㅜ 이제 무슨 낙으로....
벚꽃엔딩,마지막 2화는 한서를 위한 작가님의 선물
fors****,빈센조 제일 기억에 남는 장면- 람보르기니 타고 법원 출근- 미술관 키스신- 별장 액션신보면서 전체적으로 B급 감성이라 중간중간 어이 없는 장면 나올때도 그려려니 했는데 마지막 2화는 참.....지금껏 쌓아올린 빈센조 이미지를 한방에 무너뜨림 그리고 빌런에게 복수하는 것도 시청자도 같이 분노에 휩싸여 있을 때(센조 엄마 죽었을때) 죽여야 통쾌한데 너무 질질 끌다가 감정 식은 상태에서 잔인하게 죽이니까 반감만 생김 암튼 마지막이 넘 아쉬워서 애청자로서 안타까워용 송배우님 전배우님 주말 내내 넘 행복했어요ㅜㅜㅜ
찐빈바 콘실이,마피아 보스의 여자 차영 오히려 서로 멀리있는게 좋을지도 소중한사람 내여자는 건들지 못할테니 ㅋㅋ
벚꽃엔딩,틱톡링크공유하면 5번까지 투표할수있어요
sopoong05,"빈센조 팀들 배우들, 다시한번 감사드립니다. 열혈사제도 너무 속시원히 잘 봤는데, 겉은 작가였군요. 멋진 작가님 또 재밌고 시원한 드라마 부탁드립니다!"
까미까미,https://activity.tiktok.com/magic/eco/runtime/release/607f9740157acd30d4637a44?appType=tiktok
까미까미,https://www.baeksangawards.co.kr/vote틱톡어플깔고 매일 3번씩 10일까지 가능해요
까미까미,투표 완료 ♡
코드네임K 7773,그러게요
yspn****,백상투표 하루에 세번씩 할수있네요
kje,시청률 무슨일..? 왜케 많이 올랐어.. 진짜 행복하네
dfd,진짜 재미있게 봤는데 ㅠㅠ
지니,빈센조 재미있게 봤다면 열혈사제 강추! 같은 작가이고 개인적으로는 빈센조보다 재미있음
하림,곧있음 슬의랑 펜트하긴하는데 빈센조만큼 재밌는건 없어ㅠ
솜,clean boat cleaned it
배경선,정주행중인데 끝나버림...
anu,이제 주말의 행복함이 반은 떨어진것 같아요...ㅜㅜ빈센조 보는 낙으로 윌~금 살았는데...😭😭
mygo****,빈센조의 허전함을 이젠 무엇으로 채워야 할까요 ㅠㅠ
에렌 와이프,끝났다 눈물나온다
myki****,송중기앓이ㅠㅠ 연기가 더 성숙해진 것 같아요! 너무 잼있게 봤어요!
블랙캣츠,와 나 승리자다. 초반만 보다가 연출수준이 저급에다가.보나마나 질질끌고 돌려먹기 연출 할거 같아서. 마지막회 나오면 후반만 봐야지 했는데. 역시나 후반만 보는데 아직도 서로 싸우더라. 계속 본 시청자를 도대체 어케 본거냐? 후반만 봤는데도 이해하는데 전혀 무리없었다. 그나저나 고증이랑 연출 후진거 개 에바아냐? 한국 드라마가 많이 발전하고 고쳐진줄 알았는데 이런 예전 방식 연출을 아직도 사용하다니..
이혜란,"다른 배우들은 캐리터에 녹는데 김여진배우의 새는 발음, 목소리, 어색한 걸음 보는 내내 영상에 집중이 안됫네요. 갑자기 급이 떨어지는 느낌 김태리나 좀더 딕션과 목소리가 좋고, 연기력이 더 돋보이는 배우가 햇다면 송중기의 연기몰입과 탄탄한 조연도 부각이 됫을거 같습니다. 김여진은 멜로나 코메디파트, 진지한 파트 모두 너무 어색햇어요."
레몬홍차,"너무아쉬워요ㅜ 송중기 역시 멋있어요~ 전여빈,곽동연배우님 재발견^^♡"
달끝,이번 드라마 넘 잼있게 봤습니다
Jin Eun,전여빈과 곽동연 배우의 재발견
stat****,아휴 그냥 송중기가 좋습니다...그냥 좋습니다...매주 보고 싶어요...한해 한편은 찍읍시다...
0219****,처음부터 끝까지 짜임새가 너무 좋았어요. 등장인물도 입체적이고 : ) 끝나서 너무 아쉽네요. 빈센조 덕분에 주말이  늘 기다려졌어요. 모두 수고하셨어요. 감사합니다💕
솔솔,엄마죽겼을땐 경호원도 다죽이고 들어가더만왜 이번엔 다 안죽이고 들어가나 싶었더니 모여있는경호원들 잘못건드렸다가안에 있는 사람들을 죽일까봐 그런건가?그렇다치더라도 아무것도 안들고 들어가는게 조금이해안됬고 홍차영 끈푸는것보다 한서랑 맞서싸워야지끈이나풀고있고..한서 죽게 나둔것도 이해안됬음그리고 금은 홍차영은 왜안줌?적어도 싸우다가 죽을뻔한사람들은 조금은 줘야지 피아노쌤 빼곤 혼자 다가져감?이것도 좀 이해안갔음 이기적인 악당이 맞다는걸 보여줄려는 건가?
tnal****,빈센조 ost 넘 분위기 있고 좋아요~♡
8층조두순딸년,8층벌레범죄자 이사와서 6년동안 집밖에 거의 나온일없고  집구석에서 밤낮없이 범죄만 저지르고 살음. 여러분 세상에는 인간의 탈을 썼지만 벌레와 다를바없는 이런 짐승도 산답니다.
8층조두순딸년,유영철도 지새끼는 위한다드니 8층범죄자벌레도 지딸년 욕하는건 듣기싫은감. 니딸을 범죄자로 키운건 넌데? 넌 니딸을 위해서도 뒤지는게 옳아
흐재,내  최고의 인생드라마... 앞으로도 이런 짜릿한 쾌감을 느킬수 있는 드라마는 없을듯.. 그리고 빈센조라는 표현하기 힘든 캐릭터를 물만난듯 갓벽하게 연기한 갓중기느님한테 경의를 표한다.. 진짜 연기신이 따로 없을만큼 다양한 연기를 보여주셔서 땡큐 땡큐다
sea,Session 2 주세요 🙏🙏🙏
8층조두순딸년,그래서 세상떳떳하고 클리어하고 맑고 파란 하늘을 바라보았을때 있는 그대로 볼줄알고 그것이 주는 상쾌함과 아름다움을 마음 깊이 느끼고 즐길줄 아는 내가 훨 우월한 위치에 있는거고 (그냥 평범한 사람이 즐기는 삶 감정들이지). 벌레야 알아들어먹니
8층조두순딸년,8층범죄자는 보통인간이 누리는 감정을 흉내는 내지만 이해를 못함 . 범죄를 저질러야 행복하다고 느끼는 감정이 왜곡된 일그러진 정신체계임. 스스로 감정과 영혼이 찌그러져있어도 그것조차 못느끼는 정신병자지. 근데 굉장히 악해 사람보다는 짐승에 가까운 사고체계를 갖고있음
8층조두순딸년,확실한건 난 8층사패성 정신병자 범죄자들보다는 행복하다는거야 난 세상 떳떳하고 남들과 진심으로 감정을 공유할 줄알고 공유의 감정에서 사랑 배려를 느낄줄도 알고  거기서오는 만족감 세상이 아름다움도 느낄줄 안다는거야. 범죄자 가족과는 다른 차원에서 산다는거지
8층조두순딸년,8층범죄자애미의 범죄유전자가 유전됬다는게 맞는말같기도 ㅋ
영니,불만들이 많아; 재밋어서 끝난게 아쉽구만
8층조두순딸년,어떻게보면 애비보고 범죄만 보고 살아와서  범죄른 저지르는 인생이 정상이라고 느끼는 정신병자라고 봐야할수도.사패성 정신병자
8층조두순딸년,조두순은 딸이 없고  이영학은 딸이 있지 이영학딸이 8층 범죄자 딸보다 백배는 나아.걔는 어려서 어쩔수없이 시키는대로 살수밖에없지.8층범죄자 딸은 나이도 많은게 범죄를 즐기는 바퀴벌레보다 못한 벌레임
니멋대로,김과장 : 한 기업을 박살냄열혈사제 : 한 도시를 박살냄빈센조 : 한 국가를 박살냄다음 작품으로 갈 수록 스케일이 커지는 느낌 ㅋㅋㅋㅋ
dmlq****,qqq는 불만이 저리 많은데 20화까지 다봤네 볼 거 다보고 감동도 재미도 없다네 ㅋㅋㅋㅋㅋ 순 모순덩어리
dmlq****,홍차영이 먼저 총을 맞았거나 그랬으면 홍차영을 먼저 챙길 수 있는데 장한서 팔에 총 맞으면서 몸싸움 하고 있으면 도와서 장한석부터 제압해야지 이 때까지 말도 안되게 죽을뻔한 고비도 다 넘은 주인공이 마지막에 이렇게 발암 유발하는게 너무 개연성없네
땡,장한서는 죽어야하는데 콘샐러드 앞에서 그냥 죽을 수는 없으니 홍차영을 데리고 와서 촬영한듯 ㅇㅇ
dmlq****,어우 19화 보는 중인데 아무리 극적인 연출을 위해서라지만 장한서가 목숨걸고 뛰어들었으면 홍차영 풀어주기전에 장한서 같이 줘패고 총부터 뺏어야지 홍차영 밧줄 풀어주고있네 무슨 ㅋㅋㅋㅋㅋㅋㅋㅋ 엄마 죽여서 복수하러갈 땐 총들고 가서 경호원들도 다 패더만 이번엔 무슨 아무것도 안들고가서 암만 유발시켜
태리야끼,"개인적인 생각이지만, 시즌 2는 제작되지 않을 것 같아요~ 악당(바벨 그룹)을 맞서 싸우는 것으로 1화부터 20화까지 진행되었는데 시즌 2도 그 방식으로 계속 고수해나간다면 지루해질 수 있고 마땅히 찾을만한 소재도 없으니까요. 그래서 저는 마음속 한켠에 추억의 앨범처럼 저장해 놓으려 합니다~"
태리야끼,주연 배우와 조연 배우분들의 환상적인 조합이 시너지가 발휘한 최고의 드라마. 스태프분들 배우분들 그동안 빈센조 드라마를 제작해 주시고 참여해 주셔서 정말 감사했습니다. 푹 쉬세요!
느님,송중기님 진짜 연기잘하셨어요♡눈빛까지~~~얼른 또 얼굴보여주세요^^
다이노스,속이 시원한 결말 고맙습니다 답답한 드라마 보다가 이런거 봐줘야 속이 시원하고 재미가 있지 굿!!!다시 보기 넷플릭스 시지프스랑 비슷하게 제작비 쓴거 같은데 너무 잘만들어서 ㅎㅎㅎ 회사에서도 넘버원 드라마 라고 아주 칭찬이 자자해요 2번정도만 더 다시 보기
두아이엄마,빈센조 원킬  제작비 어디에 썼어요???  삼선 해물짬뽕 인줄 알았는데 그냥짬뽕이였네요  이쉬움이 아니라 속은기분 ㅠㅠ  빈센조제작비 반도 안 들었던 열혈사제가 조용한 힘이  있었던것 같네요  빈센조2를 기대하시는분은 송중기배우 때문인것 같은데 진심 배우를 위한다면 다른 멋진드라마를 기대하심이 좋을것 같네요 빈센조2에 또 나오면  오히려 송중기 이미지에 치명타 예상됩니다 배우들이 아까운 드라마 였어요  제작진들 반성하세요 돈이 다가 아니에요
sexy****,한서 살려줘ㅜㅠ
gksk****,이제 주말에 무슨잼으로 사나요 ㅠㅠ송중기님 고생하셨어요
Isabel,"송중기 진짜   넘 멋찌다 !!!! 연기도 잘해 , 잘생겼어, 목소리도 좋아 , 머리도 좋아  빈센조 찍고 이제 우리나라 최고 배우라는걸 인정 받은거 같다."
깜찍발랄,아디오스 아님?
깜찍발랄,일부러 저런겨?
깜찍발랄,아디다스라니 ㅋㅋ
디수,메이킹 언제나올까용
촘촘이,
Zero,빠리룻짜 뭐 이렇게 들려요 ㅋㅋㅋ 빨리웃자 😆
푼수마녀,빨리웃자 라는데요?
Zero,장한석 집 커튼 금괴로 보인다고 ㅋ
Zero,아 찌니 님이었구나 ㅋㅋㅋ 금괴 ㅋㅋㅋ
썬,곽동연 진짜 다시 봄~짱
Jinny,Zero 아닌뎅ㅋㅋㅋㅋ
Runner,40킬로그램금괴면 500개 20킬로그램 금괴면 1000개면 1조 2천억
Zero,푼수마녀님도 굿밤되세요
Zero,공항서 사기 친 놈들 모시기 힘드신 분이라 ㅋㅋㅋ 시즌✌에서 복수 해주는걸로 ㅋ
알럽방탄,곽동연 연기 진짜 대박ㅋ
푼수마녀,zero님 감사해요발음은 송중기 배우의 목소리로 확인해볼께요 ^^긋밤되세요
리은,빈센조도 가고 이제 또 한동안 드라마 공허함휴유증 오겄지...
ykun****,공항에서 사기친놈들은  안잡았잖어 ..  다음주에 복수해줘
미니맘,송중기 배우님 고생 많으셨어요
김매력,여러분들 출장십오야 보세요 ㅋㅋㅋ
Zero,진짜 조연들까지도 너무 화려 연기들 다 화려
보리엄마,연기는 연기자가 하는걸 새삼 또느낌..넘 잼나게 잘봣네요
리은,조연들까지 연기가 다 좋아서  잼났음요 ㅋ
Jinny,아직 잠에서 안깬거 맞지?
Zero,jinny님 전부터 금괴 욕심 ㅋㅋㅋㅋㅋㅋㅋㅋ
Jinny,자고일어났는데 저금괴가 내침대밑에있으면 ㅋㅋ
kjs,마지막 대사 멋있어요. .송중기 전여비 마지막이 쓸쓸 해보이네
Zero,지푸라기 pagliuzza 이거요 이게 발음이 어려워서 ㅋㅋㅋ
리은,어제 잠들어서 본방사수를 못하다니...
Runner,금괴 한개당 29억 6천만원정도
푼수마녀,하아...끝났네...흠냐지푸라기 가 이탈리아어로 뭔지 알기위해 다시 볼 수 밖에 없네 ㅠ
Jinny,악은 견고하며 광활하다_빈센조
미니맘,모든 배우들 연기가 너무 빛이 나네요
보리엄마,이제 모범택시 하나 남앗네ㅠ
baby****,한서 죽는건 알고있었는데 왜 이정도로 만들줄 아는분들이 중요한 마지막씬에홀딱깨는 설정을 하신건지.같이보는 가족들과 아이 뭐야~하고 웃었네요.현실적으로 격투신으로 빈센조 기회생길때 홍차영 부축하고 나가려는걱 ㅠㅠ 말도안돼. 빈센조가 한서를 챙기는 성격이냐 아니냐가 문제가 아니라현실적으로 본인 살려면 기회생겼을때 공조해서 옥택연을 쳤어야지. 격투신에서 옥택연이 이기면 또 빈센조 홍차영도 도로아미타불로 위험해지는건데...  끝에가서 헛발질 아쉽다
보리엄마,너무아숩다ㅠ
Zero,진짜 모든 연기 아끼지않고 다 보여줬네요!!!! 스펙트럼 대단함
룰루랄라,송중기 최고였다 한 씬 빼고
원더우먼,앤딩 끝이란 단어에서 빵터짐 빈센조 다운 엔딩ㅎㅎㅎ
sem,송중기최고^^
보리엄마,"지금 재방끝낫는데 ., 시즌2잇을까요?"
룰루랄라,재밌었다 한 씬 빼고
sjss****,너무재밌게봄♡역시 송중기  장한서가 죽어서 아쉽ㅜ
푼수마녀,빈센조같은 악당이라면 얼마든지 환영!
Zero,ㅋㅋㅋㅋㅋ ㅋㅋㅋㅋ ㅋㅋㅋㅋ 일하면서도 계속 생각해 악당의 여자
헤헤헤,"빈센조 재방으로 한 번 볼까...? 악역 배우분들이 다 좋아하는 분들이라...악역이 옥택연, 곽동연님이라니ㅠㅠ 흠......."
Zero,정의는 나약하고 공허하다
Zero,음 ㅋ 트집일수도 있어요ㅎ 저는 전여빈배우 연기 좋았어요
촘촘이,송중기 진짜 개멋짐
푼수마녀,‘변호사님 생각만 했어요’ 그진말! 적들도 처치하고 올리브밭도 인수하고 열일 했드만^^
룰루랄라,오글토글 한것도 송중기가 하니 멋지네ㅋㅋ
stv0****,송중기 진짜 존잘이긴하다ㄷㄷㄷ
룰루랄라,키야 사랑도 독하게 한대
김매력,전여빈님 연기에 대해 말이 많네요 ㅠ 저는 전여빈님 연기 좋던데...ㅠ 멜로가 체질에서도 전여빈님 연기에 제일 맘아프고 눈물났었는데 홍차영 캐릭터에 맞는 연기도 좋았고.. 이게 보는 관점에 따라 연기가 못한다/잘한다 볼수도 있군요 ㅠㅠ
달빛,왜 어깨에 상흔이 없지
촘촘이,노래제목ㅡ아임 올웨이즈 바이 유어 사이드♡
촘촘이,키갈 타임♡
ETea,골드바 한개가 얼마일까
Runner,40키로그램 금괴를 한손으로 번쩍번쩍
Zero,pagliuzza
qhre****,다들 같은생각이네 장한서가 시간오지게끌동안 빈센조가 너무 여유있었음 지금까지의 피지컬로는 적어도 그정도 시간이라면 충분히대응할수있었던장면
푼수마녀,악 놓쳐따 ㅠ
푼수마녀,지푸라기 가 이탈리아어로 뭐랬더라...잘 들어야지
세이코,아휴 최악 시지프스보다 더하네
Zero,clean boat cleaned it
멀버리,내 감성이 없어진건가
Ellie,주최자 패션으로 오셨~
푼수마녀,코로나도 끝나고 국제적인 빌런들과 맞서는 지푸라기 in 지푸라기괜찮을 거 같은디요?
Zero,다 좋습니다 한장면 한장면 작가의 노고가 ... 특히 큰스님 위로 멋있습니다
세이코,쪽팔린다 해외서 참
연이,시청률대박
세이코,발전좀하자 한드
Zero,시즌✌기원 ㅋ
푼수마녀,큰스님이 센조 진심어린 위로와 격려해주실 때 너무 좋음
Zero,견우와 웅녀 ㅋㅋㅋㅋㅋ 사무장녬답다
221B,빈센조 OST 굿굿😍
세이코,clean boat cleaned it
그네,빈센조2는 만들지 마세용
Zero,검은머리 파뿌리 한국정서 맞는데요 ㅎㅎㅎ
221B,빈센조 드라마 굿굿👍👍👍
세이코,최악중 최고
세이코,이건 한국정서 아닙니다 해외 사람들
221B,송중기 배우님 최고❤️
221B,빈센조 최고!!!❤️
221B,빈센조 드라마는 OST도 스케일이 다르구나~와우👏👏👍
세이코,세계신기록 최악 드라마 ㅋㅋ 돈들여 돈 버려
221B,그동안 찾던 곡 전부 있네. 법원에 등장할 때 곡도 있고!! ㅎㅎㅎㅎ 굿굿!!👍👍
쑤기,검은머리 파뿌리 ㅋㅋ ㅋㅋ ㅋㅋ ㅋㅋ
소심한마녀,아.. 스님ㅋㅋ
Zero,시즌✌
221B,와우!! 빈센조 OST 대박!! 67곡!!
맘마미아,시즌2
별명없다,"병윈씬,장례식 안하더니 살아있네"
Flower,송중기배우 모든작품. 정주행~연기잘해. 잘해.~❤
2980년드디어LG우승,최악의 연기자 최명희 사투리도 거지같이 못하고 분위기 다깨고 진짜 최악
룰루랄라,ㅋㅋㅋㅋㅋㅋㅋ
Tae복,악은악으로 ~~잔인할수밖에 송중기.대사제대로들으면다이해가가는 장면들인데
평생광고인,홍차영이 166이연 난 190이다진짜 짧다
Zero,그 꿈속의 어린아이는 적을 죽이고 보니 아이가 그 상황들을 보고있었던거예요 자신의 양부모의 죽음을 보았던 자신의 어린시절과 닮아있었고 자신이 악당이 된 이유이기도 했기에 트라우마로 남아 어린아이는 건드리지 않겠단 철칙이생긴거구요
맘마미아,빈센조 시즌2  꼭 해줘요
em04****,마지막 2회 왜저럼~적당한 스토리에 적당한 코믹에 정말 만족하고 보고 있었는데 마지막에 욕심을 너무 부렸나~갑자기 잔혹하기 그지없네요~ 다른 드라마와 다를줄 알았는데 결국 같네요~배우님들 신들린 연기덕에 끝까지 봤습니다!
Tae복,송중기진짜연기 캬~~
대장,속이후련이렇게 악을심판해야지
매력덩어리,무섭네요 빈센조
예가자,1+1 악당 둘을 묻었네
Zero,빈센조라는 악당도 사람이기 때문에 강인해 보여도 후회되는 일들 잔상에 남아 계속 자책으로 남는 것 같아요
Jin Eun,전여빈과 곽동연의 재발견
촘촘이,포도밭
룰루랄라,ㅉㅉㅉ
사랑이남도록,아...좀 짜증나는...사람을 무참히도
인태,제대로 안풀린 떡밥이 너무 많아요... 시즌2를 계획하고 계신다면 하루빨리 기사내주시길...ㅜㅜ
Zero,그 트라우마는 계속 보여줬죠 친절히 설명하진 않았지만 꿈속에서 계속 보여줬죠 그리고 또 어머니가 죽고난 후 추가되었구요
INBI,아니 빈센조 시즌 2 나올 수도 있을 것 같은게 제일 먼저 이 드라마를 시작할 때 분명 금가프라자가 무너졌단말이죠 근데 이번 드라마에서는 무너지지 않았잖아요 ? 라고 생각하면서 시즌 2 기대합니다
푼수마녀,"차라리 zero 님 말씀처럼 여자와 아이는끌어들이지 않는다는 원칙이 무너진 것 때문에 , 혹은 곰인형 안고 있던 아이에 연관된 트라우마 때문에 잠시 자신을 잃었던 거라면 차라리 수긍해요 다만 그게 극중에서 충분히 설명되진 않았어서 아쉽네요"
찰보리,저런마피아  있었으면.
Zero,사랑하는사람 인질로 잡혀서  최대한 더 장한석을 자극 안한듯 보입니다  트라우마 추가하지 않으려구요
프하하,"잔인하게 죽어서 완전 통쾌했음, 너무너무 재미있게 봤어요, 쬐금 속상한건 최명희님 대사가 안들려요ㅜ  발음이 부정확해서 무슨말인지 잘 모를때가 많았어요ㅜㅜ"
loo3****,한서 장례식장 장면좀 있었으면……..
룰루랄라,눈 귀 다 막고 자기 할말만 하는듯
포도,장한서가 빈센조에게 고마워~~고마웠어~~~~~하는데~~너무나 짠~~하구~ ~빈센조에 대한 그의 진심이너무나 너무나 찐하게 느껴져서~~보고 또 봐도  그 장면을 볼 때 마다 눈물이 나오네요ㅠㅠㅠ우리한서 그동안 얼마나 힘들었을까ㅠㅠ나쁜 행동을 많이 하긴 했지만 매번 형에게 무시 당하고 고통스러웠는데~빈센조 같은 멋지고 따뜻한 형을 만나 너무나 행복해 하는 모습 보기 좋았는데ㅠㅠㅠ너무나 가슴이 아프고 안타까웠어요ㅠㅠㅠ
틱탁이,여튼 막판에 밤고구마 100박스 투척해주셨음.. 어차피 드라만데 좀 기분좋게 끝내주면 안되는건가..  아진짜 한국드라마는 맨날 이래!!  마무리할줄을 몰라!!
밀크씨슬,저양반 이상하신 분이시네
촘촘이,왜 작가의 의도를 우리가 굳이...반발해야되나..우린 그싀 작품의 시청자일뿐...관여하는 사람은 아니니깐
인태,하 시즌2안할거같지만 그래도 기대를 해봅니다...
룰루랄라,한서가 죽은것때문이 아니라고 하는데 뭔소리?ㅋㅋ
viviana,한서가 죽어서 불만인게 아니라 한서가 죽는 그 장면이 이해가 안가게 연출을 해서 실망한거에요
my mino,19회 20회 봤는데 장군이 밖에 기억이 업네요끝까지
촘촘이,우린 작가가 아니잖아요?
밀크씨슬,한서 죽이는건 작가 맘이니 크게 상관은 없는데 그장면이 너무 이상하단거죠~!! 이해가 안가는 연출
촘촘이,근데 한서가 살아서 회장되서 막상 초반엔 잘한다쳐...근데 우리나라 정치 기업가 비리없는사람 있어요? 한서가 언제까지 좋은기업가가 될거같음? 난 이 스토리가 맞다고 봄
퍼플,다들 연기 짱 ㅇㅅㅇ
푼수마녀,그때 그 장면에서 한서가 그랬죠 빈이형이 나 자켜줄 거니까 라고요어떻게 라는 상황이 문제라는 건데왜 자꾸 단순히 한서가 죽은 걸로 투덜대는 걸로 몰아가는지
nym,한서 죽는건 복선이 있긴 했어요. 그래서 다들 걱정 했었죠. 설마 했는데 진짜 죽어서 다들 화가 많이 나서 그런가 봐요.
촘촘이,포도밭거름 ㅡ한석이 명희
dmsa****,ㅋㅋㅋㅍㄱㅋㅋㅋㅋㅋㄹ노세요잼께
룰루랄라,ㄷㄷㄷ😨
Hnaaaaaa,다들 좋은작품으로 다시 봤으면 좋겠어요ㅎㅎ시즌2 했으면~~~
촘촘이,나같아도 사랑하는사람 챙겨요
Zero,저는 멀뚱해 보이지는 않았고 그저 본인 악당의 여자 안전이 더 중요해 보였습니다 여자와 어린아이는 안끌어들인다는 철칙이 있는데 자기 여자를 눈앞에서 건드린것에 아무생각 할 수 없이 무너진 느낌을 작가님은 표현하고 싶었던것 같아요
촘촘이,아니 다큰성인이 도망가라고 말까지 했는데 본인이 받아들이고 굳이 싸우겠다는데 빈센조가 안챙긴게 뭐가중요하죠?
cnal****,저장면 쏘우 같네
dmsa****,소중한차영은혼자잇어도안죽었을거란걸누가봐도알수있으니아쉬운마음인거죠다들
촘촘이,한서보고 빈센조가 해외로 가라고 권했고 본인이 겸허히 받아들이고 싸우겠다고 했어요 한서는
푼수마녀,다정하게 라면 먹는 장면 너무 좋은데
nym,곽동연이 연기를 너무 잘 하고 팬이 많이 생겨서 그래요. 연기를 너무 짠하게 잘 해서 그래요.
dmsa****,갑자기오신분들은한서죽여서이러나싶으신거같은데앞전대화보시면이해되실거예요
촘촘이,어찌 한서까지 챙기란거지???자기는 엄마다음 소중한 차영을 더 소중해서 챙긴건데
밀크씨슬,손쓸수 없이 죽는거랑 살릴수 있는  타이밍이 몇번이나 있었는데도 여자만 안고 멀뚱 멀뚱 하게 연출한건 실수임
촘촘이,빈센조란 캐릭의 성격의 본성을 잘생각해보세요 정스럽고 다 챙기는 스타일은 아니예요
dmsa****,그때살려달라는게아니구빈센조가진짜못올만큼극적인상황이길바랬던마응이죠여자가의식잃고쓰러졌거나그런?
Hnaaaaaa,근데 또 막상 다 구하고 바로 장한석 총쏴서 죽였으면 너무 뻔했을거같아요. 작가님도 많은 고민을 하셨을거같네요..ㅎㅎ
촘촘이,이드라마 주인공은 한서가 아닙니다 여러분
dmsa****,빈센조가인기많긴한가보네요그냥보다가전답답해서썻는데톡진짜쓰시고하는가보네요ㅎㅎㅎㅎ
Zero,그때 살렸더라도 한승혁죽음처럼 더 잔인하게 죽였을거예요 장한석은  장한서를
dmsa****,빙센조ṑṑṑṑṑṑṑṑṑṑṑṑṑṑṑṑṑṑ웃기네요진짜닉네임잘정하시는분들신기해요
푼수마녀,한서를 죽였나 안 죽였나 의 문제가 아니고요어떻게 의 문제인 거예요그렇게 죽을 쓸 필요는 없었죠작가가 욕 먹는 게 문제 아니고지금 보면 홍차영에게 불똥이 튀고 있는 분위긴데요
유병현,그래도 이건 너무 아니라고 봐요 빈센조 걍 멀뚱멀뚱 한서 보기만 했잖아요 드라마가 일단 재밌어야 배우도 기억에 남는거죠 아무리 그래도 저건 좀
dmsa****,지금껏빈센조능력이라면살릴수있었을상황인ㄷㅔ여자 지지해주느라 못도운건 여전히 싫네요 ㅎ.ㅎ.ㅅ
my mino,형 그만해!
촘촘이,저는 곽동연배우를 기억하게되서 작가한테 고마워요 오히려
Zero,장한서가 개과천선해서 죽음에 대해 아쉽지만.. 그래서 빈센조가 죽이지 않았잖아요 한서는 한석이 장씨패밀리 배신해서 죽은거죠 그리고 바벨화학 무고한 직원들 가족들 죽인거 일조도 했구요 누구에게는 복수의 대상이었습니다
my mino,귀남이 조카 보면서 울었요장군아~
nym,저도 살길 바랬어요. 반전이 있겠지 했는데 그 점은 너무 안타까웠어요.다른 드라마에서라도 곽동연님의 멋진 연기 또 보고 싶어요.
푼수마녀,다른 드라마 보고 오셨다기에 드린 말씀였어요 그만큼 시간을 투자하셨다는 건 그 배우에 대해 알고 싶으셨다는 거잖아요 그래서 좋은 연기 보여줬던 거 추천한 거였구요 전 연기 못 하는 배우는 아예 관심 끄고 찾아보지도 않거든요
dmsa****,지점장처럼후다닥손못쓰게죽이든ㅜㅠ아까그정지화면같은장면은ㅋㄱㅋㄱㅋㅋ너무충격적이였어요저에겐
촘촘이,대신 우리는 곽동연배우를 더 기억하게 되잖아요저는 작가가 알면서 더 배우를 위한거라 생각됩니다
룰루랄라,맞아요
viviana,한서 죽이는건 작가마음인데 그 장면은 너무 어설펐어요 여자 지키느라 빈센조가 아무것도 못한장면
밀크씨슬,괴물은 끝날때까지 여운도 남고 멋졌는데 빈센조는 끝이 왜저려 ㅎㅎㅎ
촘촘이,여러분 작가가 본인 욕먹을거 알면서 한서라는 캐릭을 죽이고 곽동연배우를 각인시키고 우리들에겐 욕먹는작가로 남는게 쉬울거 같아요?
유병현,저기서는 착하게 나오잖아... 자기는 못된짓 한 사람한테 벌준다고 온갖 사람들한테 피해 주고... 그건 그냥 포장일 뿐임...
Hnaaaaaa,장한서도 살인에 가담했었으니 어쩔수 없다고 봐요!
dmsa****,네네한서 나쁜벌받는것도맞지만ㅜㅠ여자랑서서구경하고죽이는건싫네요ㅎㅎㅎㅎㅎ
촘촘이,장한서도 악인이예요 각성하기전까진
밀크씨슬,ㅋㅋㅋ
dmsa****,한서죽는건작 가마음이죠ㅎㅎㅎㅎㅎ근데아까그장면은 싫네요ㅎㅎㅎ
lott****,좀 잔인하지만 이제 드라마들이 참 다양하다..하고 생각해야죠..예전엔 이런 악당이 주인공인 드라마는 없었죠..금가식구들 금 좀 나눠주지~~
nym,장한서 한테 서사를 너무 많이 주고 곽동연이 연기를 너무 잘해서  너무 과몰입이 되서 그래요.
잔다코코,대부ㅡ큰아빠
촘촘이,저는 마피아이고 본인이 나쁜악인이고 인정하고 그렇지만 자긴자기하는데로 하겠단 그 소신이 나뿌다곤 못하겠어요ㅡ드라마니깐 ^^
dmsa****,진작죽였어야해진짜아아너무슬프네요
잔다코코,말하지말고 가만있어요
dmsa****,"아애기아빠인데,으악ㅜㅠ슬퍼요"
nym,한서 죽은건 저도 많이 아쉽지만 누가 죽어도 욕 먹는데 꼭! 죽인다면 주인공을 죽일순 없고 장한서 죽는게 제일 개연성은 있어요. 사랑의 불시착의 구승준 죽은 것 처럼
룰루랄라,빈센조는 마피아잖아요ㅎㅎㅎ
dmsa****,그러니까요참나각자자유롭게감상하시구주말잘보내세요들^^*
asdf123,그래서 자기도 나쁜놈이라고 인정하잖아요 극중에서 ㅋㅋ
my mino,권선징악  이라고  포장은...징악은 잔인했습니다...
유병현,무서워... 저건 빈센조가 옳은 일 한게 아니고 걍  잔인한 짓 한거임. 빈센조도 좋은 사람은 아님
밀크씨슬,구미호와 동거는 잼있으려나~~
촘촘이,제말이요 표현은 자유지만 강요는 노노노
푼수마녀,장한석도 속죄의 창 까지는 아 무셔...정도였는데 까마귀 등장에 무르팍 탁!
Jin Eun,볼 게 없네요.
dmsa****,같은장면보고 좋게느끼든.안좋게느끼든 본인도본인생각쓰시던지.다른사람생각을그러지마라고하는건아닌거같네여^3
밀크씨슬,한서 죽는 장면은 개망작 ㅋㅋ
촘촘이,포도밭거름 됩니다 원플러스원으로
잔다코코,재방 콜ㅡㅡ
푼수마녀,장한석 최후도 좋았지만 최명희의 최후는 윗트가 있어서 더 좋은? 줌바 음악에 맞춰서 불타는 땐스 ㅎㅎ
밀크씨슬,빈센조도 살인자인데  너무 아름답게 미화시켰네
dmsa****,엔딩은아직안봐서 그걸 까는게아니고한서죽는 그장면보고느낀데로쓰는겁니다 ㅎㅎㅎㅎㅎ 감상평은 자유가있지않나요
nym,그럼 요즘 드라마 거의 다 욕 먹어야죠. 19금만 달면 뮈합니까! 어짜피 19금 달면 사람들이 호기심에 더 보던데. 드라마에선 그런거 의미 없어요. 요즘 사람들은 자극적인걸 너무 좋아해서
룰루랄라,무서워
틱탁이,좀전에 마지막회 봤는데 정말 끝까지 한서 기다렸다는...몰타에서 놀고있는 한서를 기다렸는데 ..어흑 한서를 죽여야만했냐@!!!!!마지막 진짜 최악이야..  글구 진짜 넘 잔인해서 이불뒤집어쓰고봄;;;
Zero,최명희는 한결같이 줌바댄스와 함께 한 줌의재로...👋
유병현,진짜 빈센조랑 최명희랑 다를게 뭐냐....ㄹㅇ 너무 잔인해 이거 19 걸려야 정상임
dmsa****,그배우.딴건못봐서모르겠고못본건관심없답니다. 모든연기를.못한다고.까는게아니구요지금 실시간으로 드라마 시청하고 내가 직접 느낀걸 내가.글로써서 이야기나누는 톡 아닌가요?느낀대로쓰는거지욕하고물어뜯는거아닌데왜그렇게해석하시죠? 직접그렇게느끼셨나요? 대사할때. 숨소리없이 그냥글읽든 대사하고 영혼모르겠고 그거느껴서적은건데요
스카이블루,의외로 재밌게봄  첫회는 별로였는데
my mino,드라마 잖아요~ 서방왈
hyel****,응 재밌게 다 잘 봤다했어~ㅋ
Zero,배우 연기에 대해 뭐 이렇다 저렇다 할수있는데 어디서 그런배우 주워왔냐니;;; 그런말 마시라구요
hyel****,센차커플 세상 예쁨ㅠㅠㅠㅠㅠ
Jin Eun,이제 뭐보나.
밀크씨슬,빈센조 사람 졸라많이 죽이네 ~시덥잖은 로맨스는 왜넣어서 망작을 만드셨을까~!!
nym,배우분들 연기 다 훌륭했어요. 다른 드라마에 비해 엔딩도 좋았구요. 대부분 엔딩은 허무하게 끝나는게 많으니까! 그래서 끝나고 나면 대부분 비판을 많이 하더라고요.
cle,모방범죄 조장드라마될듯 ㄷㄷ
my mino,그래도 복수를 배우잖아요
잔다코코,야 ㅁㅊㄴㅇ
스카이블루,송중기 눈 왜케 이쁨
lam,빈센조도 너무 잔인해요 그래놓고 사랑은
lam,빈센조도 너무 잔인해요 그래놓고 사랑은
촘촘이,포도밭거름 된 최명희 장한석
유병현,와 너무 잔인하다 이건 19 안걸린게 용하다 ㄹㅇ
lam,한서가 죽은게 잠이안올둣
my mino,맨날 잔인...불타 죽는건
촘촘이,재방만 6번은 보는듯ㅋㅋ
cle,잔인하고 폭력적이네 ㄷㄷ싫다증말!
잔다코코,굿
푼수마녀,전여빈 배우 제가 드라마는 본 게 없어서 잘 모르는데 영화에서의 연기는 진짜 좋아요 죄많은 소녀/ 낙원의 밤 함 봐보세요
my mino,1회부터 는 못봐서 죄송므슨 내용인가 볼라캐도   유료고이렇게 잔인했나요?
잔다코코,약
dmsa****,"욕이아니구,,배역아니구,,배역을하고있는 배우가 너무 연기를 못한다고 느낀대로 이야기하는겁니다"
lam,우린연기못하니까 여기있는거고연기하려면 잘하던가 이빨 발음교정부터하고와
dmsa****,한서죽을때는그냥쳐다보는거만잘하더니뭐 이제와서한서 살아와도 좋지않을거같은 엔딩이네요
은단오,케릭터 욕은해도 배우욕은 하지 맙시다 배우는 잘못이 없잖아요ㅠ
lam,sww 전여빈?
sww,다들 연기 잘하시나봐요ㅎㅎ 누굴 욕할 정도면 익명 말고 직접 얼굴에 대고 하시지ㅎㅎ
유병현,ㅇㄴ 솔직히 어깨쪽 맞은 사람이랑 복부 맞은 사람 중에 누굴 먼저 구해야 할 것 같냐? 빈센조가 무슨 바보도 아니곹ㅋㅋㅋ 한서는 복부 맞아서 난리났는데 옆에서 둘이 멜로 찍고 앉아있눜ㅌㅌㅋ 그리고 오늘 사람을 총 몇명 죽이냐 도대체
dmsa****,모범택시내용전개연기전부다최고예요진짜
잔다코코,그냠 잘생김
잔다코코,그냠 잘생김
포글,빈센조 마지막에 하고싶은 말이 무슨말인가요
dmsa****,보지마세요. 그냥모범택시보세요시원시원하게
Zero,진짜 배우욕은 그만하시죠?
my mino,처음부터 보고싶네... 드라마가 왜그리 잔인해요?
dmsa****,빈센조까사노는방금보니까못하던데요?
은단오,시원을 쉬원이라고 썼다 흥분해서ㅋ
lam,저여자가 전여빈?? 다른드라마 확인했는데 까불거리고 발음세는것은여전하네요
domo****,현실에 없어 그런가....왜이리 통쾌하지...마지막회는 무서웠는데....우리사회는 항상 가해자만 봤어서 그런가...
sww,홍차영 연기하신 전여빈 배우분 연기만 잘하는데 왜 다들 못 물어뜯어서 안달임? 본인들은 얼마나 잘한다고 여기서 욕을 하지..?
dmsa****,ㅣ0000ㅇ0명의스텝고 배우몫을 여자가 혼자 다 씹어먹네요휴 망치는길로대사오글 아
은단오,악당들 처단하면 속쉬원할줄 알았는데  다시봐도 후련하지 않고 찝찝한기분만 드네 한서가 너무 불쌍하게 죽어서 그런가
Zero,한승혁 본체 진짜 촬영때 힘들었겠네요 거꾸로 누워서.. 연기 진짜 잘하네요
dmsa****,불시착은진짜잘됬으면좋겠고감정이입되고막웃음이나도모르게나오고그러던데이건러브감정이입은무슨ㅡㅡ
lam,어디서 그런배우를 주워왔나여?
dmsa****,이런후다닥ㅡㅡ잔인하게하면서아까그장면은 다른드라마찍은거죠으 넘시러
dmsa****,여자전여빈.홍차영아진짜대사너무시러국어책읽는ㅡㅡ
은단오,여자 총 경갑골쪽인가?거기 맞은거 같더데 그러게요 가슴도 아니고
lam,그 여주인공 누군가요? 허리길고 다리짧은 여자 뭔가 사랑의 불시착처럼 진짜 사귈것같은 눈빛이던데. .. 그럴일은 1도 없을듯
dmsa****,시즌2는무슨여자바꿉시다
dmsa****,그냥방해안되게총맞고쓰러지지한서살리고깨든가ㅡ.ㅡ눈왜그렇게끝까지둘이쳐다보고있는지그한씬이정다떨어져서지금감정이입도. 안되네요.ㅡㅡ
dmsa****,그러니까요여자왼쪽.가슴도아니더만
lam,멜로영화ㅉㅈ
lam,보다보다 속터져서 결국 빈센조도 죽어야하는거 아닌가? 별짓다했으면서
쭌맘,시즌 2 해주세요
은단오,한서가 죽었는데 둘이 병실에서 웃는것도 기막히고 한서얘기는 1도 않하고 멜로찍고 있는것도 어이없음
유병현,이때까지 빈센조 재밌었는데 마지막회로 다 무너져버리누.... 내용 중간에서 갑자기 최종회 하려니까 어떻게든 막회에 얘기 끝내려고 하다 개연성 확 떨어진 느낌 내용 갑자기 왜이랙
lam,내말이요
lam,어설프네요마피아 라면서 한서를 못지키나요? 한서동생을 죽게한건 빈센조인듯 마피아가 여자어깨 총맞은것때문에 한눈팔때???ㅉㅉ
은단오,여주가 빨리 도와주라고 말이라도 좀 하지
dmsa****,왜갑자기열일하나요그냥병실에같이드라마망치고있지ㅡ.ㄷ
viviana,빈센조는 여자때문에 마지막에 실망스럽ㅜ 진짜 멋있는 캐릭이었는데
dmsa****,총맞고동새이라하지말고그전에막지ㅡㅡ아
lam,펜트하우스따라하는듯
Hnaaaaaa,한서가 죽은건 정말 안타깝지만 한서도 바벨화확 피해자들 죽음에 가담했기때문에 벌 받은거 같아요ㅜ 전 이대로도 만족합니다ㅎㅎ
lam,여주인공 다리 너무짧아요 두 남자배우가 아깝네요
은단오,센조야 혹시 집안싸움에 안끼어든다는게 이건 아니지
푼수마녀,괴물 정말 훌륭한 드라마죠 저도 엄청 집중해서 봤어요 하지만 빈센조는 장르가 다르잖아요 바로 비교하기는 좀^^;
dmsa****,죽이려거든빠르게빠르게막을수없거나여자잡을때한순간에같이딱쏘던지쏜다쏜다쏠거다둘이는 구경하고둘이는 싸우고있고
viviana,병실 침대에서 둘이 웃는거 보고 깜놀..ㅜㅜ
양심 지키미,어휴..작품 잘 봤습니다.근데 한장면때문에 이렇게고생한 것을 날릴 수도 있다는 생각이 드네요.그동안 봐왔던 빈센조가그렇게 대처도없이 행동하고분별력이 없다고요.저도 장한서는 그때문에 죽었다고 생각되네요.죽이더라도 다른 방법도 많았을텐데..
유병현,해피엔딩도 아니고 ㄹㅇ 애매하다
유병현,그리고 장한거 쓰러지고 바로 알콩달콩 로맨스로 가버리네? 이게 뭐임 다 결말 찝찝하다해서 이해 안갔는데 이제야 이해가 가네... 진짜 사람을 몇명 죽이는 거야 아예 잔인으로 가버릴거면 시원통쾌하게 끝내던가... 그것도 아니고  이게 뭔... 그야말로 고구마 100개 찝찝 결말 그 자체....
dmsa****,"여자연기못해서안봤지만참아보려다가와방금진짜ㅡ.ㅡ여자연기도책읽는지빈센조못오게하라고소리지르는것도민폐녀?무튼진짜연기못해서여자부분집중력확떨어지네요진짜아뭔가답답해짜증,,나네요,,,"
einsioo,빈센조 엉덩이를 너무 붙여놨네!! 제압할 타임에 앉아서 뭐한거임!! 장한서 죽이려고 억지 씬을 만들었네!! 에휴
mama de conte,안기석팀장 너무 귀여움요
은단오,여자는 다리없다냐 혼자 못걸어?한서가 싸울때 센조가 총 뺏었으면 좋았을껄 너무 아쉽다
Flower,송중기배우는 역시! 연기신이였어. ❤
dmsa****,어휴답답
dmsa****,진짜정이확떨어졌네요둘다쳐다보고잇길래무슨장면이지했네요참나
dmsa****,총안사두되요그냥여자잡고안서있으면되요
다랭,그르니깐요 ㅋㅋㅋ 밧줄 풀시간에 때려잡앗겠다 ㅋ
dmsa****,지금까지 쌓아올린거다무너질만큼오글오글못보겠네요왜갑자기연기듣기싫치여자
호크아이,싸울 시간에 빗줄 푸는건 무슨 개설정이니??지금 시청자 우롱하냐??
다랭,끝이 아쉽다....
푼수마녀,럽라를 위해서든 한서의 장렬한? 죽음을 위해서든 얕은 수를 쓴 게 너무 눈에 보이고 여지껏 열렬히 응원하며 봐왔던 사람들 마음을 식혀버린 거죠
은단오,홍차 갑자기 미워짐  지들 살리고 죽었는데 누워서 웃는것도 싫음
einsioo,"빈센조! 천사의 탈을 쓴 악마!! 그나마 볼만하다가 마지막 두 편 짜증스럽고 역겹다!! 범죄자에 대한 처단 방법이 통쾌하지도 못하고 감동도 없고 매스꺼움만 한가득!!! 모범택시도 맥락은 같지만 공감, 감동 통쾌사이다인데.. 빈센조가 마피아지만 저정도면  싸이코랑 뭐가 다르지!! 작가가 싸이코인가??"
러브chuu,이렇든 저렇든 송중기는 멋졌다 👍
dmsa****,"여자붙잡고가만히서있는거는과녁을 맞추라고서있던건가요?러브는살리고하던지방금장면은 너무 심하게 질질끌고 이상하고,,여자 소리지르는거랑 대사고 글읽는거같이 뭔가 이…상…갑자기집중확떨어지네요ㅡ.ㅡ"
dmsa****,"여자붙잡고가만히서있는거는과녁을 맞추라고서있던건가요?러브는살리고하던지방금장면은 너무 심하게 질질끌고 이상하고,,여자 소리지르는거랑 대사고 글읽는거같이 뭔가 이…상…갑자기집중확떨어지네요ㅡ.ㅡ"
푼수마녀,구승준은 죽을 만? 하게 죽었죠 비교될 일이 아닌 거 같아요 지금 19 엔딩이 비난 받는 게 단순히 ‘귀여운 장한서를 죽여서’ 가 아니예요 한서가 하키채로 한석 내리칠 때 센조가 같이 움직였으면 차영도 총에 맞을 일 없었죠
호크아이,시청자를 뭘로 보고 이따구로 연출하냐
유병현,미친 아 이럴거면 막판에 선역 만들어 놓지를 말던가...ㅜㅠㅠㅠㅠㅜ 짠하게 왜이래ㅠㅜㅠㅜㅜㅠㅜ  진짜 아ㅠㅠㅠ 후오끄움 ㅜㅜㅡ우어ㅓㅠㅠㅠㅠ
dmsa****,다같은마음으로모이셨네요ṑṑṑṑṑṑṑṑṑ근까요여자저기기둥뒤에두고싸워야지왜계속여자붙잡고있는건데요총쏠껄누가봐도알겠는데빈센조만모르나요질질끌다가암것도안하고총맞아서더열받네요
호크아이,clean boat cleaned it
viviana,이 장면 때문에 홍차영이 싫어짐 ㅜ
룰루랄라,쟤도 잘한건 없지만 불쌍하네 반성하고 잘 살아보려다가
viviana,제 생각도 이장면이 최악이었던 ㅠ 여자 살리려다 지게 되는 진부한 설정
서풍,역시나 결말도 실망!제발 2탄은 나오지 마라.송중기를 한단계 아래로 끌어 내린 작품이였어
밀크씨슬,여자에 미친 빈센조 ㅋㅋ 연출 개답답
삶의 현장,건달들 다 어디감?
아침이슬,언제나 재빠른 빈센조가 장한서땐 왜그리 굼뜨고  미련한지.정말 송배우 팬이지만 욕이 절로.배우.연출.작가는 모두 이해되는 장면인지 묻고 싶네요.  좀더 안타까울수 있었을텐데  화가나서 묻히게 하는 최악의 장면.
초코,빈센조 송중기 오빠로 2  제작 원해요❤
kjs,저도 시즌2 기다릴 려고요작가님 빈센조 너무잘받써요.
nym,장힌서는 진짜 애정이 많이 가는 캐릭이였는데!저도 그건 속상해요. 이번에 곽동연님 정말 연기 너무 잘 하는구나 알았어요.다른 드라마에서 주연을 하면 극을 혼자서도 이끌어 나갈 수 있을거 같아요. 빨리 주연 하는 드라마 보고 싶네요.
굼디빵팡,러브라인 나만 불호인가..
Zero,장한서 본체가 이건 너무 잘생겨서 연기 잘해서 그렇네 ㅋ 곽동연배우가 잘못했네 ㅋㅋㅋ 근데 장한서는 나쁜놈이라는거... 나중에 개과천선했지만 그래서 그 죽음이 안타깝긴합니다 그러나 한서 살려두면 전체적 그림이 완성이 안돼죠 바벨을 무너뜨린다고 했는데 바벨패밀리 자체 모두 붕괴 그런의미에서 아쉽지만 맞다고 생각합니다
마리안느,헐 또 여자붙잡고 씨름하다 장한조를 팽개처죽이네?  빈센조가 너무 이기적인놈아닌가
nym,그건 장한서가 너무  찡하고 애정이 많아서 그런거 같아요. 그부분은 저도 속상 했어요. 진짜 살길 바랬는데 그 부분만 빼면 다른 드라마에 비해선 엔딩이 괜찮았어요.
채은,https://vt.tiktok.com/ZSJAotc2T/
채은,"열분 지금 심각., 백제예술대상 틱톡인기상인가?? 빈센조가 2등이에요ㅠㅠ 김선호도좋지만 1등은 센조잖아요 투표간절ㅠㅠ"
비밀비밀,배우님들 수고많으셨어요~!! 빈센조 모두 팬입니다!! 재미있게 너무 좋겠어요~!!
Zero,한서는 가족 배신한거고 한석이는 그런 한서를 처단한거죠 악의 관점에서 봐야해요 어차피 저 때 안죽었어도 한석이는 한서를 한승혁처럼 무조건 죽였을거에요 그런 한서도 다 알고 죽을날 받아놓고 싸운거구요
nym,저도 나중에 반전이 있길 바랬는데 그럼 계속 반복 같아서 식상해 할 수도 있어서 반전 없이 장한서가 죽는걸로 한거 같네요. 그래서 더 찡한거 같아요.
마리안느,아무리드라마지만 빈센조가 대신싸우는 동생을 버리고 여자손부터 풀러주고 튀려는거 진짜 개짜증남..나만 느낀게아니네
수피아,얼마전 끝난 괴물의 시나리오 구성 짜임새있는 연출에 홀딱 빠지고 난 뒤라서... 빈센조의 구멍이 너무 많이 보임..
마리안느,바벨동생이 대신싸우는와중에 튀다가 여잔총맞고..나언..
nym,저도 장한서 좋았는데 그게 제일 아쉽지만 주인공은 죽일 수 없고 악인에서 나중엔 빈센조 편이 됐지만 장한서 밖에 없는거 같아요. 사랑의 블시착에서 구승준 죽인 것 처렁요. 그래서 안티가 좀 많아지긴 했지만!
dhg,은혜갚은 비둘기까지는 어찌어찌  이해하는데 총든사람두고 묶여있는사람 부터 풀어주는게 말이되나요 넘억지!!
Zero,빈센조가 여태껏 한 대사를 보면 이해 못 할 장면은 아닌것 갇아요 싸움에 여자와 어린아이는 끌어들이지않는다고 .. 근데 홍변을 납치했고 센조 입장에서는 홍변의 안전이 우선이죠 그래서 안전한 곳에 데려다 주려 한것같아요 한서에겐 이미 해외로 가있으라했는데 죽을각오하고 안간다고 했잖아요
보라,여자변호사역 연기가 너무 어색했는데 죽은건 안됐지만 극 완성도로는 다행
viviana,젤 이해안되는 장면이었어요ㅠ 손을 풀어줄게 아니라 같이 제압했어야죠
7mik****,사람 죽이고 힐링다 그렇다치고 섬에서 힐링 한다는 말에지금까지 재미있게 보며 웃었던 모든 웃음이 거둬지네요
수피아,이해를 할 수가 없는 부분... 실제상황이라면 손이 묶인 사람보다 총을 든 사람을 남자 둘이 제압하는게 먼저 아닐까? 드라마이긴 하지만 너무 상식밖의 장면이라...
꽃길,시즌2해주세여 제발~~작가님 부탁합니다아ㅜ
oOoOoO,빈센조 시즌 2 가즈아. 제 주변에 빈센조 재밌다구 낭리났음.
nym,앞으로 빈센조 같은 월메이드 드라마 나오기 힘들어요. 이 정도로 세계적이진 못할거 같네요.
viviana,장한서를 살렸으면 더 좋았을듯ㅠ
유짱,와. 19회 보는데 이해가 안되는 씬이구만
oOoOoO,빈센조 진짜 너무 재밌어요. 최명희 변호사 로펌 직원분 박선영 배우님 팬입니다. !
밀크씨슬,둘이 싸우는데 빈센조는 여자만  챙기고 도망을ㅇ가는가~저부분만 잘만 연출했어도 ~~
Zero,박재범 작가녬!!! 티비엔!! 시즌✌ 제발요 🙏
보라,"억지스러운 전개, 빈센조는 왜 총이 없는가?"
nym,시즌2 한다고 할때까지 톡방이든 어디든 가서 매일 말해야 겠어요.
Zero,저도 무조건 시즌2  찬성입니다 너무 작가생각했나? ㅋㅋㅋ
nym,그래도 작가님이 필력이 좋으시고 조연까지 다 잘 살리시니까 시즌2  나오더라도 실망시키지않을거 같아요
비트,"* 미드 24시, 덱스트 이후 명작이다.   * 빈센조 시즌2 기다린다~!!."
nym,송중기님도 빈센조에 애정이 많은거 같고 다른 배우분들도 시즌2 하고 싶다고 하는거 보면 나올 가성이 많아 보여요.
Zero,그렇긴한데 전작들보다 빈센조 캐릭이 워낙 변화무쌍했고 진짜 보여줄거 다 보여준것같아서 ㅎ 실망하면 어쩌나 싶어서요 ㅎ 워낙 결말에서 보여준 쓰레기 처단법이 기대 그 이상이었어서 그보다 더한 스토리가 나올수 있을까 걱정이 앞서요
김옥란,빈센조 끝나서 너무 아쉬워요~ㅜ시즌2  희망합니다~
nym,박재범 작가님 입장에서도 새로운 주인공 보다 이미 오히려 글 쓰기 더 쉬울거예요. 새로운 인물 만드는것 보다 요즘엔 컨셉이 잡혀있으니까 작가들도 인기 있으면 시즌제를 더 선호한다고 하더라고요.
김경자,빈센조 시즌2  가즈아
써니,재밌고 감사하게 잘봤습니다!
비욘세딩구,작가녬ㅋㅋㅋㅋ
써니,쓰레기를 치우는것. 최고의 결말이네요!악은 견고하며 광할하다!!
Zero,결국 tvN의 결제가 있어야 가능....
nym,스툐디오 드레곤이라 할거  같아요. 보이스는 시즌4까지 나오잖아요.
Zero,박재범작가녬 작가실에 얘기해봐유 ㅎ
써니,악당은 절대헤어지지않아요사라도 독하게 하니까....아....ㅠㅠㅠ
nym,시즌2는 새로운 악당을 만들어야 하는데 시간이 걸리겠죠. 근데 왠지 할거 같아요. 빈센조 만큼 월메이드 드라마는 앞으로 나오기 힘들거 같아요. 제작사 입장에서도 하고 싶겠죠.
shewillcometoyousoon,여기서 옥택연 연기 잘했나요? 초반에만 봤어서
jaison,https://youtu.be/Y7uDj3d1yYA
nym,제작사라도 가서 얘기해야하나! 빈센조 시즌2 해 달라고
Zero,저도 시즌2  원하지만 마퓌아 소재라... 처단하는 방법들도 그렇고 작가가 쥐어짜야하는데 쉽지않을것 같은 너낌이 ㅜㅜ
말씨,장한서를 왜죽여!!!!!!!!! 왜!!!!!! 왜!!!!!!!!!
윤은지,빈센조 시즌2 제발 부탁드려요 ㅜㅜ😥
Zero,차영이 치장하고 나가는 저 옷이랑 악세사리 이쁘게 잘 어울림
nym,시즌2 왠지 나올거 같아요. 송중기님이 얘기한적 열혈사제도 나온다고 했다가 3년째 얘기가 없으니까 확실하지 않아서 말을 이낀거 같아요.세계적으로 인기가 폭발적인데 제작사나 배우분들도 하고 싶겠죠. 지금까지 한국 드라마에선 최고예요
vnel****,빈센조 2기 제발🥺
cre,시즌 2  원합니돠 !!!!! 🙏😭
joojoo,빈센조2갑니까?
amy,시즌2 제발요..원하는 사람이 너무 많아여..뒷이야기라도 살짝 풀어주세용 제발요 우리 배우들 한번이라도 더 보게 제발..
Zero,써니님👋
유병현,에초에 이런 드라마에서 무슨 잔인 타령이야.... 이때까지 잔인한 장면 나올거 다 나왔고만
천리향,검사에요?
nym,그래도 미국 같은 나라나 세계적으로 통하나봐요. 17개국 1위 미국에서도 8위까지 한 거보면요.
akvs****,잔챙이 검사 였나??
천리향,방금 차에 떨어져 죽은 사람 누군가요?
써니,맞아요!
cre,시즌2 해죠요 작가님 ~~~~~~~~~
유병현,ㅇㄴ 여기까지 와서 마지막 찝찝하다 어쩐다 얘길 꼭 해야 함?  결말 이상했으면 걍 빈센조 안보면 될걸.
just****,애정이 많아서 이러쿵저러쿵
써니,마피아 등등 소재는 자극적이었지만 결론은 인과응보
tbq,무조건 시즌2 !!!!!!! 보고싶다 빈센조ㅠㅠ
nym,연말에 전지현 나오는 킹덤 이신전하고 내년 정도에 킹덤3 나올거 같아요.
써니,보기싫으면 눈가리고 안보면될껄 꼭와서 이러쿵저러쿵..쯧
jaison,작가님.. https://youtu.be/Y7uDj3d1yYA
마이웨이,넘 아쉬워 ㅠㅠㅠㅜ 인자기도 보고싶다...
써니,모든인간은 태어날때부터 죄를짓고태어난다했다.여기 난약사가 등장한이유도 마지막회에 나오듯 야차와나찰녀도 나온다. 님들아 제발 드라마 욕하기 이전에 이드라마의 숨은 의미도 좀 바라봐주길.ㅡ물론 사람이 잔인하게 죽고 하는 부분에 있어서는 물론 보기 안좋았겠지민 그럼 안보면된다 난 마지막10분전 대사한마디로 요약이 되던데...
winter,빈센조 돌아와 ㅠㅠㅠㅠ
nym,10 위권까지 나오는데 미국은 자막 읽는걸 싫어해서 비영어권은 잘 안 본데요. 월드랭킹 보다 미국랭킹이 더 중요해요.
kdm2****,킹덤3 언제 나옴..눈빠지겠네 ㅋ
sxx,틱톡 앱 있으신 분들 백상 예술 대상 인기상 송중기 투표 한 번씩 부탁드려요 고생하신 우리 배우님 상 안겨드려야죠!! 투표하기 3번 누르시면 돼요! 그리고 링크 공유하면 두 장 더 얻을 수 이ㅆ어요! 몇 초 안 걸리니까 한 번씩만 부탁드려요 송중기 배우님이 2등인데 1등이랑 격차가 좀 있어요 부탁드려요
sky3****,빈센조 센차 사랑합니다
kdm2****,킹덤윽 넷플 몇위까지 했어요?
jih,대단
nym,넷플 월드랭킹 4위네요.(한국포함 17개국 1위)미국에서도 8위 했어요. 정말 대단에요. 킹덤도 미국에서 한번도 10위권 안에 든적 없고 스위트홈이 유일하게 3윅까지 했었어요.
just****,이러면서도 재방도 보고있는 나 ㅎㅎ
neve****,빈센조 졸작이다. 어색한 구성  훈훈했던 전개와는 다르게 갑자기 잔인하고 찝찝힐 결말
just****,쌰발라가 델고있던 악당 죽을때 알아봤지만 장한서는 빈센조가 어쩔틈도 없이 죽게하던가 하지
BOM83,빈센조 돌아와주시길..인자기도ㅋㅋ
BOM83,"송중기,전여빈,금가프라자분들 진짜 감사했어요.속시원한 드라마 제작해주셔서 감사합니다.정말 유쾌하게 잘봤어요."
kdm2****,동감이요. 유쾌하게 가다가마지막회에..몰살시키고. 너무 잔인한거 아닌가 ㅜ ㅜ15세인데..찝찝하고 기분이 먼가 ..
just****,저런형 안도와준다규 ㅠ
윰댕,시즌 2 ...... 나와주세요 ..... 제발 ㅠ ㅁ ㅠ 송중기 보고 싶엉ㅛ 오래 ㅠㅠㅠㅠㅠㅠㅠ
최윤서,메이킹..... 메이킹..... 메이킹..... 메이킹..... 메이킹..... 메이킹..... 메이킹..... 메이킹..... 메이킹..... 메이킹..... 메이킹..... 메이킹..... 메이킹..... 메이킹..... 메이킹..... 메이킹.....
징징이,메이킹은 안나오나요ㅠ
흐재,톡글 60만 찍자
ito,시즌2 만들어 주세요ㅜㅜㅜ
kdm2****,지금 마지막회 보는데먼가 찝찝하고 기분더럽네 ㅜ ㅜ1시간 동안 사람 몇명 죽는거야
흐재,빈센조 갓중기 존잘 ㅠㅠ 카리스마 & 미모 대박
써니,아니...태호?ㅋㅋㅋ니가왜거기서나와 ㅋㅋㅋ감빵에서 왜나와또 ㅋㅋㅋ
uate****,빈센조 2 만들어주세요ㅠㅠ일주일 버티는 힘이였는데...ㅠㅠ
손재승,송중기ㅠㅠㅠ
공존,중기야보고싶다ㅜ
Flower,오늘부터는 송중기배우 모든작품. 정주행. 세상어디에도없는 착한남자부터 레고레고~ 소년미 뿜뿜. 사랑스럽다.❤❤❤
pqpqpqp,왠만한 악한 그런거 이제 넘 약해서 못보겠닼ㅋㅋㅋㅋ아 진짴빈센조 쵝오
Plorian,내용은안보이고 송중기피부만보임
dodo****,와우 시청률 막방고공했진했네사실 펜하만 아니었음초반시청률 더오르고막방 더 높았을텐데 아쉽.사람들 더 봤어야 ㅜ
Plorian,송중기만모공읍네
qfet****,빈센조 또한다 마지막회차 딘짜~ 다 그러지 뭐 드라마가
금은경,clean boat cleaned it
Plorian,대체 뭔내용임 이드라만
연아,흑백?
KUDO,근데 장한서는 왜 흑백일까요 졸 착하던데
c군,clean boat cleaned it
연아,빈센조는 저라이타 박스로 사놨을거야
별달해,모두 즐방하세요.🤗
연아,어린시절선수였으면 지금 애낳고 키우고 생활고로 지쳤는데 그 폼이 살아있기 힘든 나이죠 저는 그주먹으로 때려 눕힐수 있다는걸 그저 아줌마들의 괴력으로 인정합니다 ㅋ
별달해,운호맘님 정답입니다.🤗
운호맘,포도밭 이름 빈세조 까사노 밑에 1+1 이표시가 장한석과 최명희를 포도밭에 거름으로 준거 아닐까여? ㅎ
별달해,그래요~못봤네요.그들이 가만히 있을 사람들이 아니죠.😅
Zero,아주머니 세월이 폼을 저렇게...만드심요 이해해주세요 ㅎ
Zero,닉도용 했었어요ㅎ
연아,어떻게 사람을 물어뜯냐
몽실98,이런 말하긴 그렇지만 19화에 분식집 아주머니 복싱 플라이급 동양챔피언 이라고 하시기엔 폼이 너무 안좋은데....ㅠㅠㅠ
별달해,글쎄요~~~😅😅😅
Zero,아... 그럼 저도 별달해님 따라서 ㅋㅋㅋㅋㅋㅋㅋ 언제 들어오실건가요ㅎ 저 오늘하루종일 기다렸습니다ㅋ
ace_****,태호♡민성 + 브금 ㅋㅋㅋㅋ
별달해,그래도 여긴 닉도용은 없네요.아직까진~
별달해,제가 아ㅅ달에서 엄청 힘들어서~여기서는 도망요.😅 죄송~제로님.
Zero,ㅋㅋㅋㅋㅋ 빈센조의 마력  남여 가릴것없이 다 빠져든다 이설정같아요ㅋ
연아,이드라마는 남자끼리 너무 안는다
Zero,죽이고 나서 포도밭거름으로 쓴다고 얘기했는디 ㅎㅎㅎ
연아,"금가 사람들은 실제로 금을 본적이 없으니 신빙성 자체도 그다지 없는거고 어디 있는지 조차 모리니 묻고 가는게 맞는거 같구요 금은 당시 프로그랭 담당이던 피아노쌤이랑 지푸라기 일원들 그리고 스님들, 필요한 만큼 조금씩 준거 같아요"
Zero,진짜웃김 ㅋㅋㅋ초코골드바 ㅋㅋ
별달해,예 검색을 열심히 😁 도움되어 다행입니다.🤗
kjhn****,빈센조 지금 라인업 그대로 극장판으로 영화 나왔으면 좋겠다…
Zero,존박 ost 찾아보세유
ace_****,초코바 골드바ㅋㅋㅋㅋ
Zero,별달해님 가지마세요ㅜㅜㅜㅜ
루시퍼,저 팝송 제목 뭐임?
별달해,아 재방송중이구나! 전 이만 바이입니다.🤗 도망~~
Zero,아무도 모르게 포도밭 거름이 됨 1+1 로 남김
미래의가치,배우분들 인터뷰영상 있나요?
7401****,와! 별달해님 진짜 친절하시네용!! 알려주셔서 감사합니다💜
ace_****,피아노 선생 피아노에 금괴 몇덩이 들어 있듯이 금가패밀리 모두 몇덩이 나눠줬을 듯
Zero,빈센조 목탁 두들기면서 콩그레츄레이션 ㅋ  그거 센조 본체가 되게 해보고싶었나보다 ㅋㅋㅋ
연아,문열었는데 전에 던져 넣은 윗도리랑 금하나가 없어졌네 디테일없다 진짜
별달해,베스트👫👬👭상은 없는것 같아요.
B612,금은 금가사람들도 다같이 나눠 가졌나요?
모모메이와사랑이란,금가사람들한테 금안주는건 알겠는데요금가사람들이 나중에도 금을 안찾네요그냥 금가사람들 기억에서 금은 잊혀진거로 나온건가봐요?
이진호,목탁 ㅋㅋㅋ
모모메이와사랑이란,똑같지않은데난 야차와 나차를 거느린 다문천왕이라서이래요
강은규,아 ㅋㅋㅋㅋㅋ 별달해님 이해가 되었습니다!! 아 너무 착하시네요~ 감사합니당 ^^
솔희,우리가족들  20화 보고 다 박수쳤는데요~  짝짝짝!!!!
8층조두순딸년,빈세조는 곽동연 배우라는 보석도 건졌죠 ㅎㅎ😄😄
별달해,포도밥 빈센조 이 대사로 이해되시려나?
ace_****,콩그레츄레이션... 프롬 검은머리 투 파뿌리
8층조두순딸년,빈센조 tvn 역대 시청률 6위 입니다 👏👏
DOUBLE,솔솔님 20화 보지 마세요 그냥 19화에서 멈추는게 나을수도 있어요 마지막이 워낙 초라해서
8층조두순딸년,어제 본방때 톡수9만 오른거 실화? ㄷㄷ
솔솔,19화에서 한서 죽는거 보고 너무 개연성 없어서 20화를 못 보고 있음.. 당연히 총 들고 있는 사람을 같이 제압해야지 런하면 어캄.. 형~형~하던 한서 모습에 눈물 나서 그 다음화는 못 보겠네...
강은규,아 근데 포도밭이 왜 복수를 의미하는지 이해가 안가네요 ㅠㅠ 그 아까 어떤분이 입소문 티비 보라해서 보고 왔는데도요..ㅋ 놓친부분이 있나보네요
bijo****,최명희가 죽을때 빈센조나 나나 똑같은 인간이라 했을때 빈센조가 아니라고.. 그리고 그 다음에 뭐라고 했는지 대사가 잘 인들렸는데 아시는 분??^^
Frosty,그래서 인자겐 뭔데??? 좀 누가 알려줘봐. 아넴 작가님에게 물어봐줘요. 인자기 정체는...그냥 그 이탈리아로부터 구해줄려고??
8층조두순딸년,송중기 영화 이번달에 재개핸다며 ㅎ축하
ace_****,금가동 조팝나무가 젤 레전드ㅋㅋㅋ
해밀,빈센조 OST 총 65곡 음원사이트에 올라와있네요~ 이거 들으면서 여운이라도 좀 더 오래 느껴봐야 갰어요~
해밀,빈센조 OST 총 65곡 음원사이트에 올라와있네요~ 이거 들으면서 여운이라도 좀 더 오래 느껴봐야 갰어요~
DOUBLE,상가 사람들한테 왜 나눠줘 ㅋ 금 관련 사람들한테 나눠 준거 나왔는데 뭘또 나눠줘 머가리 총맞았나보네 ㅉㅉ
ace_****,19화 액션씬이랑 금가패밀리 자막 보러 재방 봄ㅋㅋㅋㅋ
7401****,강은규킴 그거 너튜브에 뇌피소설가 입소문 tv에 <빈센조 시즌 2 가능?> 영상보시면 이해가실거예요!!
Zero,죽이고나서 포도밭 거름으로 쓴다잖아요 ㅎ
까미까미,
Zero,친절하게 설명해주진 않았죠..  악몽꾸는 그 부분을요
까미까미,
까미까미,
푼수마녀,올 바빠서 못 봤더니 그새 배우분들 인터뷰나 등등 많았나봐요 ㅠ 일단 그거부터 좀 챙겨봐야겠어요
bijo****,금은 상가사람들한테 안 나눠 줬나요~??? ㅋㅋㅋㅋㅋ 그건 안나옴
하싶일,재밋기만하구만
강은규,궁금한게 있는데 포도밭 나온거는 왜 마지막까지 복수를 했다는걸 의미하는지 잘 이해가 안가는데 알려주세요 ㅠ
rmf,ㅋㅋㅋㅋㅋㅋㅋㅋ 보면 볼수록 진짜 3분짜장 전개법 쓰네 작가 ㅂㅈㅂ  조카 크레파스 18색 이야 추적장치가 되있는 시계를  한석이가 선물로 한서한테 준걸 분해해추적장치 뺏어 뺏는데까진 그렇다치자? 근데 장한석이 그걸 몰랐다? 그걸 언급하는 장면이 단1도 안나왔다? 장한석이 모른체 넘어갔다?  말이 안되잖아
DOUBLE,제로는 뭔 헛소리임? ㅋ 종방을 못 견디나 ㅋㅋㅋ
푼수마녀,제압까진 아니고센조에게 처맞고 도망가는걸로 ㅋ
dlcosl,백상 인기상 투표 말하는거고 아스는 아스달 연대기 말씀하신 거 같아요!
별달해,아스달연대기요.
푼수마녀,밥 먹이고 죽였다 까지는 저도 들었어요 하지만 그게 그 강도인 줄은...게다가아이를 암시하는 대목은 없었던 거 같아서요
솔희,송배우님께 열심히 투표할께요
sml,아스가뭐임?
dream123,근데 무슨 투표해요?
기회는온다,거기서 바로 제압하면 바로 끝 분량 안나와요
Zero,자기 양부모 죽인 놈 마피아되어서 제일 먼저 복수하려고 가지고노니까 그 놈이 자살하려했다.. 그놈 치료끝나고 제일 비싼곳에서 밥 먹인뒤 바로 죽였다고 그때 죽이고 차를 보니 아이가 있던거예요 바로 어린시절 자기모습을  원수를 죽이며 본거죠 그게 트라우마된거구요
푼수마녀,아이 언급은 없었는데요??
별달해,아스2도 어려운 상태라고~😥😥😥
푼수마녀,그게 양부모를 죽인 강도 였다고요?
푼수마녀,매일매일? 오메...많이 겅부해야긋어요@@암튼 송배우에게 열심히 투표해보겠어요
DOUBLE,지들끼리만 신난 드라마
Zero,아이 서사 나왔잖아요 배부른고양이 얘기할때요
AILE,오늘부터 5월 10일까지 1일 3회 투표가능해요
dlcosl,힘든 월요일 다들 수고많으셨어요~ 모두 빈나잇!
넴넴,♡^^♡
Zero,녬녬님 빈나잇!
푼수마녀,아 맞다! 그 곰인형 끌어안고 있던 아이 서사는 안 나왔네요
Zero,그 트라우마는 꿈에 나오잖아요... 악몽꾸는.. 그래서 실수없이 신중해지는걸 표현한것같아요
glor****,네 낼뵈요~^^♡
넴넴,빈나잇 하세연~♡
푼수마녀,그래요? 서 ㅇㅈ 배우가 1등했다고 본 거 같아서 전 이미 끝난 줄 알았네요 그럼 지금 투표하면 되나요?
glor****,암튼 매일매일 투표 잊지않을께요~^^모두모두 빈나잇이요~^^♡
